,index,city_st
1667,",",1
2610,", OH",1
1880,"4S Ranch, CA",1
2395,"Abbeville, LA",1
1240,"Aberdeen, MS",1
2514,"Aberdeen, NC",1
243,"Aberdeen, SD",5
172,"Abilene, TX",6
2580,"Abingdon, VA",1
2881,"Accomac, VA",1
2671,"Acton, MA",1
2978,"Ada, OK",1
631,"Adrian, MI",2
2061,"Agawam, MA",1
2452,"Agoura Hills, CA, CA",1
2418,"Aiken, GA",1
237,"Aiken, SC",5
105,"Akron, OH",8
801,"Alameda, CA",2
1678,"Alamo Heights, TX",1
950,"Alamogordo, NM",2
2249,"Alamosa, CO",1
528,"Albany, GA",3
221,"Albany, NY",5
2729,"Albany, OR",1
2018,"Albemarle, NC",1
2080,"Albert Lea, MN",1
2783,"Albertville, AL",1
64,"Albuquerque, NM",11
1182,"Alcoa, TN",1
1593,"Aledo, TX",1
368,"Alexandria, LA",4
2318,"Alexandria, MN",1
989,"Alexandria, VA",2
289,"Alfred, NY",4
890,"Alhambra, CA",2
2100,"Aliquippa, PA",1
1252,"Allen Park, MI",1
1152,"Allentown, PA",2
2706,"Alliance, OH",1
734,"Alpena, MI",2
697,"Alpharetta, GA",2
1306,"Alpine, TX",1
3096,"Altadena, CA",1
2280,"Altadena, CA, CA",1
1157,"Altamont, NY",1
931,"Alton, IL",2
2508,"Alton, NH",1
780,"Altoona, PA",2
1785,"Altus, OK",1
533,"Amarillo, TX",3
2848,"Americus, GA",1
1635,"Amery, WI",1
497,"Ames, IA",3
1219,"Amesbury, MA",1
1024,"Amherst, MA",2
2034,"Amityville, NY, NY",1
1247,"Amsterdam, NY",1
744,"Anacortes, WA",2
244,"Anaheim, CA",5
295,"Anchorage, AK",4
2377,"Andalusia, AL",1
1837,"Anderson Township, OH",1
777,"Anderson, IN",2
800,"Anderson, SC",2
669,"Andover, MA",2
2033,"Andover, MA, MA",1
1873,"Angels Camp, CA",1
1396,"Angleton, TX",1
2766,"Angola, IN",1
79,"Ann Arbor, MI",9
2342,"Anna, IL",1
214,"Annapolis, MD",5
1027,"Anniston, AL",2
1819,"Anoka, MN",1
3084,"Ansonia, CT",1
1053,"Antioch, CA",2
1985,"Apex, NC",1
2692,"Apple Valley, CA",1
2762,"Apple Valley, MN",1
301,"Appleton, WI",4
766,"Appomattox, VA",2
3183,"Arcadia, CA",1
2714,"Arcata, CA",1
1487,"Ardmore, OK",1
748,"Ardmore, PA",2
1793,"Arkadelphia, AR",1
1107,"Arlington Heights, IL",2
183,"Arlington, MA",6
488,"Arlington, TX",3
2491,"Arlington, VA",1
1862,"Arlington, WA",1
1086,"Arnold, MO",2
2971,"Arvin, CA",1
380,"Asbury Park, NJ",3
130,"Asheboro, NC",7
111,"Asheville, NC",8
1811,"Asheville, NC, NC",1
2770,"Asheville, NC, virtual",1
2768,"Ashfield, MA",1
1367,"Ashland City, TN",1
2959,"Ashland, AL",1
78,"Ashland, OH",9
802,"Ashland, OR",2
1335,"Ashland, VA",1
509,"Ashland, WI",3
1647,"Ashtabula, OH",1
316,"Aspen, CO",4
3203,"Astoria, NY",1
1891,"Astoria, OR",1
1739,"Atchison, KS",1
1076,"Athens, AL",2
113,"Athens, GA",8
229,"Athens, OH",5
2711,"Athens, TN",1
1851,"Athens, TX",1
13,"Atlanta, GA",19
856,"Atlantic City, NJ",2
2355,"Atlantic, IA",1
2819,"Atoka, OK",1
2071,"Attleboro, MA",1
589,"Auburn, AL",3
579,"Auburn, CA",3
720,"Auburn, IN",2
923,"Auburn, ME",2
2101,"Auburn, ME, ME",1
482,"Auburn, NE",3
699,"Auburn, NY",2
995,"Auburn, WA",2
267,"Augusta, GA",4
1932,"Augusta, ME",1
281,"Aurora, CO",4
212,"Aurora, IL",5
1854,"Austin, MN",1
39,"Austin, TX",13
1225,"Avalon, CA",1
2434,"Avodale Estates, GA",1
2620,"Avon, CT",1
2698,"Avon, IN",1
3002,"Avon, OH",1
2735,"Avondale Estates, GA",1
1984,"Avondale Estates, GA, GA",1
513,"Babylon, NY",3
1790,"Bad Axe, MI",1
875,"Bainbridge Island, WA",2
1481,"Baker, NV",1
93,"Bakersfield, CA",9
2219,"Baldwinsville, NY",1
32,"Baltimore, MD",14
632,"Bandon, OR",2
1118,"Bangor, ME",2
2168,"Banks, OR",1
752,"Bar Harbor, ME",2
2164,"Bar Harbor, ME, ME",1
2847,"Barbourville, KY",1
1719,"Barnstable, MA",1
1120,"Barrington, IL",2
1277,"Barron, WI",1
2481,"Barstow, CA",1
2793,"Bartlesville, OK",1
1217,"Basking Ridge, NJ",1
1558,"Batavia, IL",1
2745,"Batavia, NY",1
529,"Bath, ME",3
144,"Baton Rouge, LA",6
1502,"Baton Rouge, LA, LA",1
1140,"Battle Creek, MI",2
539,"Bay City, MI",3
1139,"Bay Ridge, NY",2
892,"Bay Village, OH",2
2889,"Bayonne, NJ",1
1976,"Baytown, TX",1
3009,"Beachwood, OH",1
501,"Beacon, NY",3
2755,"Beardstown, IL",1
2415,"Beatrice, NE",1
1983,"Beaufort, NC",1
1973,"Beaufort, NC, NC",1
168,"Beaufort, SC",6
372,"Beaumont, TX",3
2458,"Beaumont, Texas",1
2773,"Beaver Dam, WI",1
917,"Beavercreek, OH",2
1649,"Beaverton, LA",1
335,"Beaverton, OR",4
370,"Beckley, WV",3
2638,"Bedford, IN",1
660,"Bedford, PA",2
1193,"Bedford, VA",1
2873,"Bedminster, NJ",1
2918,"Beecher, MI",1
3039,"Beford, NH",1
1125,"Bel Air, MD",2
449,"Belfast, ME",3
2883,"Belgrade, Serbia",1
2383,"Bellbrook, OH",1
1606,"Belle Chasse, LA",1
2011,"Belle Fourche, SD",1
3107,"Belle Glade, FL",1
1980,"Bellefonte, PA",1
206,"Belleville, IL",5
1956,"Belleville, IL, virtual",1
2425,"Belleville, NJ",1
1936,"Bellevue, ID",1
2449,"Bellevue, NE",1
2615,"Bellevue, PA",1
474,"Bellevue, WA",3
1314,"Bellflower, CA",1
215,"Bellingham, WA",5
435,"Bellmore, NY",3
784,"Bellows Falls, VT",2
983,"Bellport, NY",2
2769,"Belmont, CA",1
2629,"Belmont, MA",1
1642,"Beloit, WI",1
2503,"Belton, TX",1
439,"Bemidji, MN",3
2935,"Bemidji, MN, MN",1
303,"Bend, OR",4
1802,"Benicia, CA",1
2527,"Bennettsville, SC",1
1113,"Bennington, VT",2
2047,"Benton Harbor, MI",1
3015,"Benton, AR",1
2182,"Benton, IL",1
3198,"Benton, KY",1
1025,"Bentonville, AR",2
444,"Berea, KY",3
1358,"Berkeley Heights, NJ",1
81,"Berkeley, CA",9
1506,"Berkeley, CA, CA",1
1444,"Berkley, MI",1
3118,"Berlin, CT",1
1915,"Berlin, NH",1
1948,"Bernardsville, NJ",1
2593,"Berrien Springs, MI",1
2858,"Berryville, VA",1
1144,"Bethel, AK",2
269,"Bethel, CT",4
2457,"Bethel, ME",1
633,"Bethel, OH",2
921,"Bethel, VT",2
431,"Bethesda, MD",3
411,"Bethlehem, PA",3
798,"Bethpage, NY",2
2408,"Bettendorf, IA",1
311,"Beverly Hills, CA",4
2252,"Beverly, MA",1
2031,"Big Bear Lake, CA, CA",1
2057,"Big Rapids, MI",1
951,"Big Spring, TX",2
3099,"Billerica, MA",1
442,"Billings, MT",3
1405,"Billings, MT, MT",1
2887,"Biloxi, MS",1
429,"Binghamton, NY",3
2267,"Birdsboro, PA",1
99,"Birmingham, AL",8
496,"Birmingham, MI",3
797,"Bisbee, AZ",2
1526,"Bishop, CA",1
566,"Bismarck, ND",3
437,"Blacksburg, VA",3
1026,"Blaine, MN",2
2516,"Bloomfield Hills, MI",1
1143,"Bloomfield, CT",2
1050,"Bloomfield, NJ",2
226,"Bloomington, IL",5
2348,"Bloomington, IL, IL",1
594,"Bloomington, IN",3
2025,"Bloomsburg, PA",1
2924,"Blue Ash, OH",1
1922,"Blue Hill, ME",1
1334,"Blue Springs, MO",1
1462,"Bluefield, WV",1
2173,"Bluffton, OH",1
1005,"Bluffton, SC",2
448,"Boca Raton, FL",3
608,"Boerne, TX",2
2149,"Boiling Springs, SC",1
85,"Boise, ID",9
2322,"Boise, ID, virtual",1
2751,"Bolingbrook, IL",1
1386,"Bologna, Italy",1
1874,"Bonita Springs, FL",1
1471,"Bonney Lake, WA",1
2743,"Boone, IA",1
404,"Boone, NC",3
1206,"Boonton, NJ",1
1298,"Bordentown, NJ",1
3040,"Bossier City, LA",1
15,"Boston, MA",18
2222,"Boston, MA, MA",1
759,"Bothell, WA",2
3113,"Boulder City, NV",1
366,"Boulder, CO",4
2617,"Boulder, UT",1
1196,"Bourbon County, KS",1
1366,"Bourne, MA",1
132,"Bowling Green, KY",7
493,"Bowling Green, OH",3
2546,"Bowling Green, VA",1
2985,"Boyertown, PA",1
468,"Boynton Beach, FL",3
730,"Bozeman, MT",2
1356,"Bozeman, MT, MT",1
2741,"Bradenton, FL",1
1591,"Bradenton, FL, FL",1
2459,"Bradford, PA",1
1006,"Bradley, IL",2
846,"Brainerd, MN",2
1168,"Braintree, MA",1
2447,"Branford, CT",1
288,"Branson, MO",4
2158,"Braselton, GA",1
593,"Brattleboro, VT",3
1807,"Brea, CA",1
1824,"Breckenridge, CO",1
1740,"Breckinridge, CO",1
1653,"Brecksville, OH",1
750,"Bremerton, WA",2
2283,"Brenham, TX",1
2013,"Brentwood, CA",1
2162,"Brentwood, MO",1
1627,"Brentwood, NY",1
3023,"Brentwood, TN",1
277,"Brevard, NC",4
831,"Brewster, NY",2
3001,"Brewton, AL",1
1726,"Briarwood, NY",1
1137,"Brick, NJ",2
2084,"Bridgehampton, NY",1
147,"Bridgeport, CT",6
1944,"Bridgeport, PA",1
2456,"Bridgewater, CT",1
1034,"Bridgewater, MA",2
2963,"Bridgewater, NJ",1
3121,"Bridgton, ME",1
652,"Brighton, MI",2
1310,"Brighton, NY",1
695,"Bristol, CT",2
3202,"Bristol, NH",1
2014,"Bristol, PA",1
1712,"Bristol, RI",1
2544,"Bristol, TN",1
3173,"Bristol, VA",1
240,"Brockton, MA",5
1301,"Broken Arrow, OK",1
1268,"Broken Bow, NE",1
2910,"Bronson, FL",1
385,"Bronx, NY",3
1624,"Brookfield, MO",1
1102,"Brookfield, WI",2
3049,"Brookhaven, GA",1
2656,"Brookings, OR",1
2510,"Brookings, OR, OR",1
723,"Brookings, SD",2
925,"Brookline, MA",2
1636,"Brookline, MA, MA",1
1716,"Brookline, MA, virtual",1
59,"Brooklyn, NY",11
2214,"Brooksville, FL",1
3140,"Brooksville, ME",1
3189,"Broomfield, CO, CO",1
1530,"Broward County Library. A line of sheriff's deputies blocked the north side of the intersection; Fort Lauderdale police officers stood in a line on the east side. Officers were equipped with riot gear, including helmets and shields. Some officers were on horses, and armored vehicles were deployed. Windows were broken in stores and government buildings; two were arrested for looting. An art work valued at $58,000 was destroyed. Police used tear gas and percussion grenades. About 8, FL",1
1537,"Brown Deer, WI",1
1236,"Brownsburg, IN",1
2509,"Brownsville, TX",1
1563,"Brownwood, TX",1
1070,"Brunswick, GA",2
294,"Brunswick, ME",4
1943,"Bryan, OH",1
309,"Bryan, TX",4
2133,"Bryson City, NC",1
1710,"Bucyrus, OH",1
2838,"Buda, TX",1
1876,"Buellton, CA",1
2536,"Buena Park, CA",1
1572,"Buffalo Grove, IL",1
35,"Buffalo, NY",13
1813,"Buffalo, NY, virtual",1
1747,"Bullhead City, AZ",1
2801,"Burbank, CA",1
1223,"Burien, WA",1
717,"Burke, VA",2
2313,"Burlington, IA",1
1520,"Burlington, NC",1
187,"Burlington, VT",6
1325,"Burlington, WA",1
2871,"Burlington, WI",1
1662,"Burns, OR",1
1949,"Burnsville, NC",1
1827,"Butler, AL",1
1117,"Butler, PA",2
2649,"Butte, MT",1
1508,"Buzzards Bay, MA",1
2500,"Cabot, AR",1
770,"Cadillac, MI",2
1455,"Cairo, GA",1
458,"Calabasas, CA",3
709,"Caldwell, NJ",2
1205,"Caledonia, NY",1
1111,"Calexico, CA",2
1098,"Callicoon, NY",2
732,"Calumet City, IL",2
1547,"Camarillo, CA",1
2716,"Camas, WA",1
327,"Cambridge, MA",4
733,"Cambridge, MD",2
1097,"Cambridge, NY",2
2087,"Cambridge, OH",1
1317,"Cambridge, WI",1
3034,"Camden, DE",1
2956,"Camden, ME",1
2236,"Camden, ME, ME",1
575,"Camden, NJ",3
1787,"Camdenton, MO",1
2834,"Canaan, NH",1
2121,"Canajoharie, NY",1
2374,"Canal Winchester, OH",1
692,"Canandaigua, NY",2
1476,"Canfield, OH",1
2221,"Canon City, CO",1
1659,"Canova Park, FL",1
1845,"Canton, GA",1
2309,"Canton, IL",1
2585,"Canton, MI",1
2728,"Canton, MO",1
1124,"Canton, NC",2
2974,"Canton, NY",1
239,"Canton, OH",5
2152,"Canyon, TX",1
2933,"Cape Cod, MA",1
2754,"Cape Coral, FL",1
1564,"Cape Elizabeth, ME",1
1035,"Cape Girardeau, MO",2
843,"Cape May, NJ",2
543,"Carbondale, IL",3
2330,"Cardiff, CA",1
1422,"Carefree, AZ",1
2177,"Caribou, ME",1
1511,"Caribou, ME, ME",1
1643,"Carleton, MI",1
3207,"Carlinville, IL",1
481,"Carlisle, PA",3
2679,"Carlsbad, CA",1
287,"Carlsbad, NM",4
1816,"Carlstadt, NJ",1
2239,"Carmel, IN",1
833,"Carmel, NY",2
2107,"Caro, MI",1
3054,"Carol Stream, IL",1
888,"Carrollton, GA",2
2780,"Carrollton, OH",1
2185,"Carrollton, TX",1
1010,"Carson City, NV",2
1255,"Carson, CA",1
2991,"Carteret, NJ",1
1498,"Cartersville, GA",1
1847,"Carterville, IL",1
1715,"Carthage, TX",1
1993,"Cary, NC",1
1203,"Casa Grande, AZ",1
466,"Casper, WY",3
1772,"Castine, ME",1
2513,"Castle Rock, CO",1
3153,"Castro Valley, CA",1
1257,"Castro Valley, CA, virtual",1
2642,"Catasauqua, PA",1
1634,"Catonsville, MD",1
2467,"Catonsville, MD, MD",1
562,"Catskill, NY",3
1771,"Cazenovia, NY",1
1119,"Cedar City, UT",2
1501,"Cedar Falls, IA",1
966,"Cedar Hill, TX",2
1071,"Cedar Park, TX",2
180,"Cedar Rapids, IA",6
2391,"Cedartown, GA",1
1264,"Cederhurst, NY",1
1673,"Celina, OH",1
2118,"Celina, TX",1
3112,"Center, TX",1
1199,"Centerville, OH",1
2165,"Central Islip, NY",1
1434,"Centralia, IL",1
646,"Centralia, WA",2
2913,"Centreville, MA",1
647,"Centreville, MD",2
2078,"Century City, CA",1
3143,"Cerdarhurst, NY",1
2737,"Cerritos, CA",1
570,"Chadron, NE",3
934,"Chagrin Falls, OH",2
636,"Chambersburg, PA",2
163,"Champaign, IL",6
2129,"Champaign, IL, IL",1
3097,"Champaign–Urbana, IL",1
199,"Chandler, AZ",5
326,"Chapel Hill, NC",4
1214,"Charles City, IA",1
1670,"Charles Town, WV",1
2827,"Charleston, IL",1
1428,"Charleston, NC",1
92,"Charleston, SC",9
353,"Charleston, WV",4
2532,"Charleston, WV, WV",1
3114,"Charlestown, SC",1
1723,"Charlotte Amalie, U.S. Virgin Islands",1
33,"Charlotte, NC",14
1291,"Charlotte, NC, NC",1
95,"Charlottesville, VA",8
1935,"Chaska, MN",1
1735,"Chatham, MA",1
1878,"Chatsworth, CA",1
74,"Chattanooga, TN",10
1685,"Chattanooga, TN, TN",1
696,"Cheboygan, MI",2
476,"Chehalis, WA",3
2984,"Chelan, WA",1
2997,"Chelsea, MA",1
943,"Chelsea, MI",2
1818,"Chenoa, IL",1
1896,"Cherry Hill, NJ",1
2490,"Cherry Valley, NY",1
971,"Chesapeake, VA",2
592,"Cheshire, CT",3
3064,"Chester, SC",1
814,"Chester, VT",2
2604,"Chesterfield, MI",1
2265,"Chesterfield, MO",1
342,"Chesterfield, VA",4
2105,"Chesterton, IN",1
1078,"Chestertown, MD",2
179,"Cheyenne, WY",6
2,"Chicago, IL",26
645,"Chico, CA",2
2072,"Chico, CA, CA",1
2035,"Chicopee, MA",1
867,"Chillicothe, OH",2
1930,"Chincoteague, VA",1
1169,"Chino Hills, CA",1
841,"Chino, CA",2
2558,"Chisholm, MN",1
1934,"Chllicothe, OH",1
1773,"Chowchilla, CA",1
2068,"Christiansburg, VA",1
2852,"Christiansted, U.S. Virgin Islands",1
463,"Chula Vista, CA",3
2424,"Cicero, IL",1
38,"Cincinnati, OH",13
2675,"Citrus Heights, CA",1
1365,"City of Port of Spain, Trinidad and Tobago",1
1104,"Claremont, CA",2
2325,"Claremont, NH",1
1038,"Claremore, OK",2
694,"Clark, NJ",2
1069,"Clarksburg, MD",2
674,"Clarksburg, WV",2
2376,"Clarkston, MI",1
2259,"Clarksville, IN",1
188,"Clarksville, TN",5
2127,"Claxton, GA",1
1994,"Clayton, CA",1
1626,"Clayton, GA",1
707,"Clayton, MO",2
2632,"Clayton, OK",1
2037,"Clearlake, CA",1
1072,"Clearwater, FL",2
1637,"Clearwater, FL, FL",1
620,"Cleburne, TX",2
1895,"Clemson, SC",1
1158,"Clermont, FL",1
1112,"Cleveland Heights, OH",2
3074,"Cleveland, MS",1
217,"Cleveland, OH",5
2024,"Cleveland, OH, virtual",1
2479,"Cleveland, TN",1
2016,"Clifton Heights, PA",1
1668,"Clifton Park, NY",1
567,"Clifton, NJ",3
1531,"Clinton, CT",1
3191,"Clinton, IA",1
2206,"Clinton, MA",1
2722,"Clinton, NY",1
3089,"Clinton, TN",1
887,"Cloudcroft, NM",2
2294,"Cloverdale, CA",1
1603,"Clovis, NM",1
1402,"Coatesville, PA",1
1142,"Cobb, GA",2
1974,"Cobleskill, NY",1
1092,"Cockeysville, MD",2
2879,"Cocoa, FL",1
3067,"Cody, WY",1
297,"Coeur d'Alene, ID",4
1754,"Coffeyville, KS",1
2255,"Cohoes, NY",1
2955,"Colchester, CT",1
1892,"Colchester, VT",1
2053,"Colchester, VY",1
1509,"Coldwater, MI",1
3005,"Colfax, CA",1
2727,"College Park, MD",1
459,"College Station, TX",3
1284,"Collierville, TN",1
2987,"Collinsville, IL",1
2131,"Collinsville, MO",1
3137,"Colombo, Sri Lanka",1
2111,"Colonial Beach, VA",1
1568,"Colonial Heights, VA",1
58,"Colorado Springs, CO",11
2404,"Columbia, IL",1
848,"Columbia, MD",2
1727,"Columbia, MI",1
41,"Columbia, MO",13
348,"Columbia, MS",4
1815,"Columbia, MS, MS",1
72,"Columbia, SC",10
153,"Columbus, GA",6
2958,"Columbus, IN",1
3013,"Columbus, NE",1
43,"Columbus, OH",13
1621,"Columbus, OH, OH",1
1512,"Coluso, CA",1
626,"Commack, NY",2
1693,"Commerce, TX",1
527,"Compton, CA",3
2470,"Concord, CA",1
398,"Concord, NC",3
976,"Concord, NH",2
1261,"Conroe, TX",1
278,"Conway, AR",4
944,"Conway, NH",2
1648,"Conway, SC",1
1270,"Conyers, GA",1
464,"Cookeville, TN",3
2146,"Cooperstown, NY",1
2659,"Coos Bay, OR",1
3092,"Copiague, NY",1
1810,"Coppell, TX",1
978,"Copperas Cove, TX",2
756,"Coral Gables, FL",2
1263,"Coral Springs, FL",1
362,"Coralville, IA",4
1882,"Coraopolis, PA",1
282,"Corbin, KY",4
1332,"Cordova, AK",1
863,"Corinth, MS",2
1600,"Cornelius, NC",1
698,"Corning, NY",2
3147,"Cornwall, CT",1
2854,"Corona, CA",1
272,"Coronado, CA",4
803,"Corpus Christi, TX",2
996,"Cortland, NY",2
332,"Corvallis, OR",4
2614,"Coshocton, OH",1
228,"Costa Mesa, CA",5
2925,"Cottage Grove, MN",1
1478,"Cottage Grove, OR",1
2052,"Cottonwood Heights, UT",1
1345,"Council Bluffs, IA",1
2888,"Coventry, CT",1
1919,"Covina, CA",1
3151,"Covington, GA",1
1975,"Covington, GA, virtual",1
2074,"Covington, KY",1
2685,"Covington, LA",1
1612,"Covington, TN",1
2763,"Covington, VA",1
2484,"Coxsackie, NY",1
3041,"Craig, CO",1
1323,"Cranford, NJ",1
2430,"Cranston, RI",1
1383,"Crawford, GA",1
1016,"Crawfordsville, IN",2
1853,"Creede, CO",1
2673,"Crescent City, CA",1
961,"Crested Butte, CO",2
2880,"Crestwood, MO",1
737,"Creve Coeur, MO",2
2110,"Crofton, MD",1
623,"Cromwell, CT",2
1977,"Crossett, AR",1
2437,"Crowley, LA",1
1131,"Crown Point, IN",2
241,"Crystal Lake, IL",5
3162,"Crystal Lake, IL, virtual",1
1921,"Cuero, TX",1
2010,"Cullman, AL",1
928,"Culpeper, VA",2
1116,"Culver City, CA",2
3188,"Culver City, CA, CA",1
912,"Cumberland, MD",2
714,"Cumming, GA",2
2914,"Cupertino, CA",1
1954,"Cutler Bay, FL",1
2899,"Cypress, CA",1
1595,"Dacula, GA",1
2627,"Dadeville, AL",1
957,"Dallas, OR",2
50,"Dallas, TX",12
2704,"Dallastown, PA, PA",1
506,"Dalton, GA",3
1556,"Damascus, MD",1
2504,"Dana Point, CA",1
384,"Danbury, CT",3
1229,"Dania Beach, FL",1
2153,"Dansville, NY",1
360,"Danville, CA",4
3037,"Danville, IL",1
1419,"Danville, KY",1
2028,"Danville, PA",1
321,"Danville, VA",4
452,"Darien, CT",3
3167,"Dartmouth, MA",1
454,"Davenport, IA",3
426,"Davie, FL",3
2282,"Davis, CA",1
1903,"Davison, MI",1
330,"Dayton, OH",4
2155,"Dayton, OH, OH",1
1166,"Daytona Beach Shores, FL",1
711,"Daytona Beach, FL",2
2697,"De Pere, WI",1
1067,"DeFuniak Springs, FL",2
522,"DeKalb, IL",3
1132,"DeLand, FL",2
2877,"DeRidder, LA",1
1302,"DeWitt, NY",1
1698,"Dearborn, MI",1
2844,"Decatur, AL",1
3046,"Decatur, GA",1
285,"Decatur, IL",4
1220,"Decorah, IA",1
2197,"Deep River, CT",1
2520,"Deer Isle, ME",1
2494,"Deer Park, NY",1
1232,"Deerfield, IL",1
690,"Defiance, OH",2
134,"Dekalb, IL",7
2125,"Del Mar Heights, CA",1
1260,"Del Mar, CA",1
962,"Del Rio, TX",2
1388,"Delano, CA",1
677,"Delaware, OH",2
2488,"Delhi, NY",1
3138,"Delmar, NY",1
747,"Delray Beach, FL",2
3003,"Deltona, FL",1
1202,"Deluth, MN",1
3000,"Deming, NM",1
2281,"Denham Springs, LA",1
2862,"Denison, IA",1
1774,"Denison, TX",1
69,"Denton, TX",10
19,"Denver, CO",16
1610,"Denville, NJ",1
781,"Derby, CT",2
3192,"Derby, KS",1
7,"Des Moines, IA",22
1052,"Des Moines, IO",2
1583,"Desert Hot Springs, CA",1
2044,"Detroit Lakes, MN",1
1,"Detroit, MI",27
772,"Diamond Bar, CA",2
2721,"Dickinson, ND",1
1442,"Dillingham, AK",1
3155,"Dobbs Ferry, NY",1
3087,"Dodge City, KS",1
1188,"Dodgeville, WI",1
1354,"Dolores, CO",1
1127,"Doral, FL",2
1384,"Dorchester, MA",1
1651,"Dormont, PA",1
2973,"Dothan, AL",1
2908,"Douglasville, GA",1
1149,"Dover, DE",2
1369,"Dover, NH",1
2438,"Dover, OH",1
2138,"Downers Grove, IL",1
1330,"Downey, CA",1
1015,"Doylestown, PA",2
1150,"Du Quoin, IL",2
2678,"DuBois, PA",1
2244,"Dublin, CA",1
1324,"Dublin, GA",1
832,"Dublin, NH",2
2160,"Dublin, OH",1
2606,"Dubois, PA",1
279,"Dubuque, IA",4
990,"Duluth, GA",2
203,"Duluth, MN",5
1906,"Dumfries, VA",1
2352,"Duncan, OK",1
1872,"Dunn, NC",1
898,"Durango, CO",2
1523,"Durham, CT",1
57,"Durham, NC",11
2744,"Durham, NC, NC",1
2607,"Durham, NC, virtual",1
2894,"Duval County, FL",1
2501,"Duvall, WA",1
2285,"Dyer, IN",1
1724,"Eagle Pass, TX",1
1552,"Easley, SC",1
2939,"East Brunswick, NJ",1
2821,"East Cleveland, OH",1
2861,"East Granby, CT",1
1533,"East Grand Forks, MN",1
2575,"East Grand Rapids, MI",1
1491,"East Hampton, CT",1
3021,"East Hartford, CT",1
1044,"East Haven, CT",2
347,"East Lansing, MI",4
1970,"East Lansing, MI, MI",1
1844,"East Liverpool, OH",1
1521,"East Longmeadow, MA",1
2403,"East Los Angeles, CA",1
1209,"East Lyme, CT",1
908,"East Meadow, NY",2
470,"East Palo Alto, CA",3
895,"East Setauket, NY",2
1806,"East Stroudsburg, PA",1
3038,"East Tawas, MI",1
3055,"Easthampton, MA",1
394,"Easton, MA",3
850,"Easton, MD",2
495,"Easton, PA",3
1304,"Eastpointe, MI",1
1437,"Eastsound, WA",1
1940,"Eastsound, WA, WA",1
2233,"Eaton, OH",1
2130,"Eatontown, NJ",1
341,"Eau Claire, WI",4
2353,"Ebensburg, PA",1
1965,"Eddyville, KY",1
1570,"Edgewater, NJ, virtual",1
2364,"Edgewood, MD",1
1543,"Edina, MN",1
1858,"Edinburg, TX",1
1047,"Edmond, OK",2
1008,"Edmonds, WA",2
1272,"Edna, TX",1
406,"Edwardsville, IL",3
3043,"Edwardsville, MO",1
1560,"Effingham, IL",1
3073,"El Campo, TX",1
2951,"El Centro, CA",1
558,"El Dorado, AR",3
2664,"El Monte, CA",1
110,"El Paso, TX",8
1759,"El Segundo, CA",1
2463,"Elburn, IL",1
143,"Elgin, IL",6
2534,"Elgin, MN",1
1030,"Elizabeth City, NC",2
826,"Elizabeth, NJ",2
2056,"Elizabeth, NJ, virtual",1
879,"Elizabethtown, KY",2
2132,"Elizabethtown, NY",1
972,"Elizabethtown, PA",2
2059,"Elk Grove Village, IL",1
678,"Elkhart, IN",2
1062,"Elkin, NC",2
1479,"Elkins, WV",1
1228,"Elko, NV",1
2022,"Elkton, MD",1
1675,"Elkton, VA",1
571,"Ellensburg, WA",3
1423,"Ellington, CT",1
998,"Ellsworth, ME",2
2442,"Ellsworth, ME, ME",1
2238,"Elmhurst, IL",1
87,"Elmira, NY",9
2388,"Elmira, NY, NY",1
853,"Elsmere, KY",2
656,"Ely, MN",2
3070,"Ely, WI",1
1425,"Elyria, OH",1
2176,"Emmen, Netherlands",1
986,"Emporia, KS",2
88,"Encinitas, CA",9
1699,"Encinitas, CA, CA",1
2428,"Encino, CA",1
1927,"Encitas, CA",1
1697,"Enfield, CT",1
624,"Englewood, NJ",2
1803,"Englewood, OH",1
1244,"Enid, OK",1
2362,"Enterprise, OR",1
1542,"Ephrata, PA",1
313,"Erie, PA",4
2903,"Erlanger, KY",1
2865,"Escanaba, MI",1
245,"Escondido, CA",5
1714,"Española, NM, NM",1
1515,"Essex Junction, VT",1
1380,"Essex Junction, VT, VT",1
2655,"Essex, MA",1
1153,"Essex, VT",2
2670,"Estes Park, CO",1
994,"Euclid, OH",2
24,"Eugene, OR",16
2445,"Eureka, CA",1
2605,"Evans, GA",1
1080,"Evanston, IL",2
65,"Evansville, IN",10
3175,"Everett, MA",1
664,"Everett, WA",2
1299,"Everett, WA, WA",1
2299,"Evergreen Park, IL",1
2538,"Evergreen, CO",1
1866,"Evergreen, CO, CO",1
2292,"Exmore, VA",1
956,"Fairbanks, AK",2
2189,"Fairborn, OH",1
1645,"Fairfax District, CA",1
2938,"Fairfax, CA, CA",1
3094,"Fairfax, VA",1
2223,"Fairfax, VA, virtual",1
209,"Fairfield, CA",5
703,"Fairfield, CT",2
3170,"Fairfield, IA",1
2788,"Fairfield, OH",1
438,"Fairmont, WV",3
418,"Fall River, MA",3
1674,"Fallon, NV",1
1734,"Falls Church, VA",1
1033,"Falmouth, MA",2
1580,"Famington, NM",1
536,"Fargo, ND",3
740,"Farmingdale, NY",2
977,"Farmington, CT",2
1468,"Farmington, ME",1
1789,"Farmington, MO",1
492,"Farmington, NM",3
2346,"Farmville, VA",1
726,"Farrell, PA",2
407,"Fayetteville, AR",3
1859,"Fayetteville, AR, AR",1
3082,"Fayetteville, GA",1
185,"Fayetteville, NC",6
2043,"Fayetteville, WV",1
2588,"Federal Way, WA",1
3008,"Fergus Falls, MN",1
292,"Ferguson, MO",4
1063,"Ferndale, MI",2
2304,"Ferrisburgh, VT",1
2338,"Festus, MO",1
2688,"Findlay, OH",1
2964,"Fircrest, WA",1
2525,"Fishers, IN",1
2635,"Fitchburg, MA",1
194,"Flagstaff, AZ",5
3093,"Fleetwood, PA",1
993,"Flemington, NJ",2
189,"Flint, MI",5
2937,"Flora, IL",1
2341,"Floral Park, NY",1
1379,"Florence, AL",1
2662,"Florence, Italy",1
2202,"Florence, MA, MA",1
379,"Florence, OR",3
2730,"Florence, OR, OR",1
836,"Florence, SC",2
2054,"Floresville, TX",1
859,"Florham Park, NJ",2
319,"Florissant, MO",4
1960,"Flossmoor, IL",1
137,"Flower Mound, TX",7
1617,"Floyd, VA",1
2339,"Folsom, CA",1
2163,"Fond du Lac, WI",1
258,"Fontana, CA",4
1641,"Fontana, CA, CA",1
2429,"Forest City, IA",1
175,"Forest Grove, OR",6
1497,"Forest Grove, OR, OR",1
1718,"Forest Hills, NY",1
2195,"Forest Lake, MN",1
2225,"Forks, WA",1
2541,"Fort Atkinson, WI",1
808,"Fort Bragg, CA",2
91,"Fort Collins, CO",9
1513,"Fort Dodge, IA",1
2269,"Fort Fort Stockton, TX",1
1486,"Fort Kent, ME",1
275,"Fort Lauderdale, FL",4
2200,"Fort Lauderdale, FL, FL",1
1592,"Fort Mill, SC",1
2180,"Fort Mitchell, KY",1
3117,"Fort Monroe, VA",1
83,"Fort Myers, FL",9
1342,"Fort Payne, AL",1
2507,"Fort Pierce, FL",1
2462,"Fort Scott, KS",1
795,"Fort Smith, AR",2
666,"Fort Stockton, TX",2
794,"Fort Walton Beach, FL",2
789,"Fort Washington, CA",2
66,"Fort Wayne, IN",10
118,"Fort Worth, TX",7
2695,"Fortuna, CA",1
1135,"Fostoria, OH",2
3160,"Fountain Hills, AZ",1
975,"Fountain Valley, CA",2
2497,"Foxborough, MA",1
233,"Framingham, MA",5
1180,"Framingham, MA, MA",1
2422,"Frankford, DE",1
1421,"Frankfort, KY",1
2483,"Franklin Township, NJ",1
2477,"Franklin, KY",1
2382,"Franklin, NJ",1
687,"Franklin, TN",2
1171,"Franklin, VA",1
414,"Franklinville, NJ",3
1586,"Frankton, IN",1
988,"Fraser, CO",2
2535,"Frazier Park, CA, CA",1
422,"Frederick, MD",3
1201,"Fredericksburg, TX",1
54,"Fredericksburg, VA",11
2739,"Frederiksted, U.S. Virgin Islands",1
1732,"Fredonia, NY",1
2709,"Fredricksburg, TX",1
1057,"Freeburg, IL",2
693,"Freehold Township, NJ",2
919,"Freehold, NJ",2
546,"Freeport, IL",3
227,"Freeport, NY",5
1242,"Fremont / Newark, CA",1
112,"Fremont, CA",8
760,"Fremont, NE",2
1018,"Fremont, OH",2
150,"Fresno, CA",6
953,"Friday Harbor, WA",2
3004,"Fridley, MN",1
2389,"Friendswood, TX",1
791,"Frisco, TX",2
2312,"Frisco, TX, TX",1
2715,"Front Royal, VA",1
3061,"Frontenac, MO",1
969,"Frostburg, MD",2
1942,"Ft Lauderdale, FL",1
2172,"Ft. Dodge, IA",1
1454,"Ft. Fort Stockton, TX",1
1569,"Ft. Wayne, IN",1
2992,"Ft. Worth, TX",1
471,"Fullerton, CA",3
3169,"Fulton, MO",1
2228,"Gadsden County, FL",1
881,"Gadsden, AL",2
1706,"Gaffney, SC",1
2021,"Gahanna, OH",1
127,"Gainesville, FL",7
2296,"Gainesville, FL, FL",1
897,"Gainesville, GA",2
2526,"Gainesville, VA",1
2298,"Gaithersberg, MD",1
3139,"Gaithersburg, MD",1
1192,"Galax, TX",1
2868,"Galax, VA",1
817,"Galesburg, IL",2
1941,"Gallatin, TN",1
2691,"Gallipolis, OH",1
1029,"Gallup, NM",2
2929,"Galveston, TX",1
1749,"Garberville, CA",1
1239,"Garden City, KS",1
2277,"Garden City, NY",1
3075,"Garden Grove, CA",1
2663,"Gardner, KS",1
2421,"Gardner, MA",1
2485,"Garfield, NJ",1
829,"Garrettsville, OH",2
911,"Gary, IN",2
1689,"Gaylord, MI",1
3149,"Geddes, NY",1
1164,"Geneseo, NY",1
2289,"Geneva, IL",1
318,"Geneva, NY",4
3045,"Georgetown, DE",1
1885,"Georgetown, IL",1
1616,"Georgetown, KY",1
480,"Georgetown, SC",3
838,"Georgetown, TX",2
3083,"Germantown, MD",1
2758,"Germantown, WI",1
2381,"Gettysburg, PA",1
2778,"Gibson City, IL",1
2850,"Gifford, FL",1
2441,"Gig Harbor, WA",1
1372,"Gilbert, AZ",1
1413,"Gillette, WY",1
2262,"Gilroy, CA",1
2235,"Gladwin, MI",1
1541,"Glasgow, KY",1
3150,"Glassboro, NJ",1
2064,"Glastonbury, CT",1
774,"Glen Cove, NY",2
2551,"Glen Ellyn, IL",1
2042,"Glen Falls, NY",1
2573,"Glen Ridge, NJ",1
3145,"Glen Rock, NJ",1
451,"Glendale, CA",3
2361,"Glendale, MO",1
1208,"Glendora, CA",1
738,"Glens Falls, NY",2
565,"Glenview, IL",3
2800,"Glenwood Springs, CO",1
2822,"Gloucester City, NJ",1
423,"Gloucester, MA",3
2941,"Gloucester, VA",1
2981,"Golden, CO",1
958,"Goldsboro, NC",2
2667,"Gonzales, LA",1
1865,"Goodyear, AZ",1
1011,"Gorham, ME",2
2020,"Gorham, NH",1
1007,"Goshen, IA",2
551,"Goshen, IN",3
1037,"Goshen, NY",2
2962,"Grafton, MA",1
2792,"Grafton, WI",1
874,"Graham, NC",2
2082,"Granbury, TX",1
2089,"Granby, CT",1
2366,"Grand Blanc, MI",1
516,"Grand Forks, ND",3
2820,"Grand Forks, ND, ND",1
242,"Grand Island, NE",5
409,"Grand Junction, CO",3
2917,"Grand Junction, CO, CO",1
1957,"Grand Marais, MN",1
2824,"Grand Marais, MN, MN",1
1594,"Grand Prairie, TX",1
68,"Grand Rapids, MI",10
2965,"Grandview, WA",1
2804,"Granite City, IL",1
682,"Granite Falls, WA",2
387,"Grants Pass, OR",3
2669,"Granville, OH",1
2326,"Grass Valley, CA",1
1959,"Gray, ME",1
1294,"Grayslake, IL",1
487,"Great Barrington, MA",3
949,"Great Bend, KS",2
1403,"Great Falls, MI",1
603,"Great Falls, MT",3
2480,"Greeley, CO",1
2273,"Green Bay, MN",1
178,"Green Bay, WI",6
1256,"Green Valley, AZ",1
3185,"Greencastle, IN",1
1156,"Greencastle, PA",1
1074,"Greendale, WI",2
2327,"Greeneville, TN",1
550,"Greenfield, IN",3
375,"Greenfield, MA",3
2577,"Greenfield, MA, virtual",1
2596,"Greenlawn, NY",1
1460,"Greenport, NY",1
76,"Greensboro, NC",9
2495,"Greensboro, NC, NC",1
758,"Greensburg, PA",2
2402,"Greenville, KY",1
1134,"Greenville, NC",2
2812,"Greenville, PA",1
115,"Greenville, SC",7
1064,"Greenville, TX",2
825,"Greenwich, CT",2
2115,"Greenwood, IN",1
2882,"Greenwood, MS",1
1446,"Greenwood, SC",1
638,"Gresham, OR",2
2897,"Gretna, LA",1
1326,"Griffith, IN",1
3091,"Griswold, CT",1
1189,"Grosse Ile, MI",1
2874,"Grosse Point - Detroit, MI",1
1415,"Grosse Pointe Woods, MI",1
2970,"Groton, CT",1
1830,"Grottoes, VA",1
3177,"Grove City, OH",1
2864,"Grove City, PA",1
2008,"Grove, OK",1
2188,"Grover Beach, CA",1
2286,"Groveton, GA",1
2333,"Grovetown, GA",1
3200,"Grundy Center, IA",1
2884,"Guilford, CT",1
1340,"Guilford, ME",1
3106,"Gulfport, MS",1
1783,"Gunnison, CO",1
1964,"HOUSTON, TX, virtual",1
827,"Hackensack, NJ",2
2904,"Hackettstown, NJ",1
2345,"Haddonfield, NJ",1
440,"Hagerstown, MD",3
787,"Hagåtña, Guam",2
2982,"Hailey, ID",1
1296,"Haines City, FL",1
778,"Haines, AK",2
1012,"Half Moon Bay, CA",2
3136,"Half Moon Bay, CA, CA",1
704,"Hallandale Beach, FL",2
2623,"Hamburg, PA",1
586,"Hamden, CT",3
2332,"Hamden, CT, CT",1
769,"Hamilton, MT",2
1148,"Hamilton, NJ",2
1996,"Hamilton, NY",1
254,"Hamilton, OH",4
1060,"Hammond, IN",2
2584,"Hammond, LA",1
2311,"Hampton Beach, NH",1
1832,"Hampton Roads, VA",1
2644,"Hampton, NH",1
190,"Hampton, VA",5
2448,"Hanalei, HI",1
2295,"Hancock Park, CA",1
416,"Hancock, MI",3
3079,"Hanford, CA",1
505,"Hannibal, MO",3
2154,"Hanover, NH",1
410,"Hanover, PA",3
1952,"Happy Valley, OR",1
2586,"Harlan, KY",1
2988,"Harlingen, TX",1
607,"Harrisburg, NC",2
140,"Harrisburg, PA",7
2666,"Harrisburg, PA, PA",1
3159,"Harrison, AR",1
658,"Harrisonburg, VA",2
2807,"Harrodsburg, KY",1
29,"Hartford, CT",15
2983,"Harvard, NE",1
1588,"Harvey, LA",1
2920,"Harwich, MA",1
2957,"Hasbrouck Heights, NJ",1
1341,"Hastings, NE",1
959,"Hattiesburg, MS",2
1703,"Haughton, LA",1
1100,"Haverhill, MA",2
2412,"Haviland, KS",1
3047,"Havre de Grace, MD",1
3141,"Havre, MT",1
3022,"Haw River, NC",1
1331,"Hawley, PA",1
648,"Hawthorne, NJ",2
2630,"Hays, KS",1
201,"Hayward, CA",5
2314,"Hayward, WI",1
2816,"Hazard, KY",1
1303,"Healdburg, CA",1
1427,"Healdsburg, CA",1
2122,"Healy, AK",1
2444,"Hebron, CT",1
2789,"Heflin, AL",1
419,"Helena, MT",3
1360,"Hemet, CA",1
590,"Hempstead, NY",3
753,"Henderson, KY",2
2944,"Henderson, NC",1
548,"Hendersonville, NC",3
3058,"Hereford, MD",1
1022,"Hermiston, OR",2
630,"Hermitage, PA",2
2360,"Hernando, MS",1
2603,"Herndon, VA",1
3129,"Herrin, IL",1
1233,"Hewlett, NY",1
1979,"Hiawassee, GA",1
1096,"Hibbing, MN",2
2523,"Hickory, NC",1
683,"High Point, NC",2
1443,"Highland Falls, NY",1
1287,"Highland Park, IL",1
2628,"Highland Park, IL, IL",1
1695,"Highland Park, MI",1
1849,"Highland Park, NJ",1
1677,"Highland Springs, VA",1
2357,"Highland, CA",1
2069,"Highland, IL",1
1639,"Hightstown, NJ",1
3007,"Hillcrest, CA",1
947,"Hilliard, OH",2
1561,"Hillsboro, OH",1
490,"Hillsboro, OR",3
1826,"Hillsborough, NC",1
3195,"Hillsdale, NJ",1
2571,"Hillside, NJ",1
256,"Hilo, HI",4
1161,"Hinesburg, VT",1
1821,"Hinesville, GA",1
2512,"Hinsdale, IL",1
1762,"Hobart, IL",1
1931,"Hobart, IN",1
1990,"Hobe Sound, FL",1
2036,"Hoboken, NJ",1
1850,"Holbrook, MA",1
2007,"Holden, MA, MA",1
510,"Holland, MI",3
1211,"Hollidaysburg, PA",1
2398,"Hollister, CA",1
2026,"Holly Springs, NC",1
1058,"Hollywood, CA",2
818,"Hollywood, FL",2
2371,"Holyoke, MA",1
102,"Homer, AK",8
2980,"Homer, NY",1
1657,"Homestead, FL",1
3187,"Homewood, AL",1
1914,"Homewood, IL",1
1212,"Honesdale, PA",1
1368,"Honesville, NY",1
154,"Honolulu, HI",6
320,"Hood River, OR",4
2284,"Hood Rivier, OR",1
473,"Hoover, AL",3
3085,"Hopewell, NJ",1
518,"Hopkinsville, KY",3
1750,"Hopkinton, MA",1
2097,"Hopland, CA",1
2886,"Hoquiam, WA",1
1576,"Hornell, NY",1
1313,"Hot Springs, AR",1
507,"Houghton, MI",3
2291,"Houlton, ME",1
441,"Houma, LA",3
119,"Houston, TX",7
2601,"Howe, TX",1
1579,"Howell, MI",1
2487,"Huber Heights, OH",1
1650,"Hudson, NY",1
1731,"Hudson, OH",1
1619,"Humboldt, TN",1
1968,"Hummelstown, PA",1
2622,"Huntersville, NC",1
2726,"Huntingdon, PA",1
364,"Huntington Beach, CA",4
3168,"Huntington Woods, MI",1
2198,"Huntington, IN",1
252,"Huntington, NY",4
3157,"Huntington, OH",1
2263,"Huntington, TX",1
1186,"Huntington, WV",1
101,"Huntsville, AL",8
556,"Huntsville, TX",3
3059,"Huron, MI",1
371,"Hutchinson, KS",3
2385,"Hutto, TX, TX",1
1128,"Hyannis, MA",2
402,"Idaho Falls, ID",3
1972,"Immokalee, FL",1
1700,"Imperial Beach, CA",1
2633,"Indiana, PA",1
2290,"Indianapolis, IA",1
21,"Indianapolis, IN",16
2948,"Indiantown, FL",1
1039,"Indio, CA",2
2081,"Inglewood, CA",1
2413,"Ionia, MI",1
37,"Iowa City, IA",13
861,"Iowa City, IO",2
906,"Iron Mountain, MI",2
2186,"Ironwood, MI",1
358,"Irvine, CA",4
1197,"Irwin, PA",1
812,"Islip, NY",2
564,"Issaquah, WA",3
399,"Ithaca, NY",3
1799,"Ithaca, NY, NY",1
637,"Jackson, IL",2
2023,"Jackson, MI",1
167,"Jackson, MS",6
1536,"Jackson, MS, virtual",1
3105,"Jackson, NJ",1
251,"Jackson, TN",4
654,"Jackson, WY",2
1717,"Jacksonville Beach, FL",1
999,"Jacksonville, AL",2
106,"Jacksonville, FL",8
1900,"Jacksonville, FL, FL",1
1604,"Jacksonville, IL",1
2426,"Jacksonville, NC",1
1311,"Jacksonville, TX",1
1912,"Jamaica Plain, MA",1
2784,"Jamestown, ND",1
1620,"Jamestown, NY",1
939,"Janesville, WI",2
2496,"Jasper, AL",1
2680,"Jasper, IN",1
3019,"Jasper, TX",1
1210,"Jefferson City, MO",1
1353,"Jefferson, GA",1
2732,"Jeffersonville, GA",1
929,"Jeffersonville, IN",2
1390,"Jensen Beach, FL",1
1676,"Jericho, NY",1
604,"Jersey City, NJ",3
1465,"Jersey City, NJ, NJ",1
2094,"Jerseyville, IL",1
1999,"Jesup, GA",1
813,"John Day, OR",2
2993,"Johns Creek, GA",1
166,"Johnson City, TN",6
673,"Johnstown, PA",2
298,"Joliet, IL",4
271,"Jonesboro, AR",4
1877,"Jonesboro, GA",1
343,"Joplin, MO",4
1784,"Joshua Tree, CA",1
1222,"Joshua Tree/Twentynine Palms/Yucca Valley, CA",1
2966,"Julian, CA",1
721,"Junction City, KS",2
1106,"Juneau, AK",2
933,"Jupiter, FL",2
864,"Kahului, HI",2
538,"Kailua-Kona, HI",3
2247,"Kalama, WA",1
129,"Kalamazoo, MI",7
1742,"Kalispell, MT",1
1170,"Kanab, UT",1
1839,"Kankakee, IL",1
475,"Kansas City, KS",3
52,"Kansas City, MO",12
2813,"Kansas City, MO, MO",1
1359,"Kansasville, WI",1
2999,"Kapolei, HI",1
2996,"Kasson, MN",1
1597,"Katonah, NY, NY",1
1838,"Katy, TX",1
2840,"Keansburg, NJ",1
403,"Kearney, NE",3
754,"Keene Valley, NY",2
478,"Keene, NH",3
2686,"Keene, NH, NH",1
1756,"Keene, NY",1
1282,"Keller, TX",1
659,"Kennebunk, ME",2
834,"Kennesaw, GA",2
2067,"Kennett Square, PA",1
373,"Kennewick, WA",3
354,"Kenosha, WI",4
1238,"Kent, CT",1
184,"Kent, OH",6
1091,"Keokuk, IA",2
1258,"Kerrville, TX",1
920,"Ketchikan, AK",2
1684,"Ketchum, ID",1
2757,"Kettering, OH",1
688,"Kewanee, IL",2
2932,"Key Largo, FL",1
876,"Key West, FL",2
3068,"Key West, FL, FL",1
2258,"Keyser, WV",1
2833,"Kiel, WI",1
3060,"Kilgore, TX",1
291,"Killeen, TX",4
1546,"Killingly, CT",1
1409,"Kilmarnock, VA",1
809,"King of Prussia, PA",2
2556,"Kingfield, ME",1
2876,"Kingman, AZ",1
1320,"Kingsport, TN",1
1631,"Kingston, MA",1
868,"Kingston, NY",2
1947,"Kingston, PA",1
2567,"Kingsville, TX",1
2574,"Kinston, NC",1
628,"Kirkland, WA",2
2098,"Kirksville, MO",1
541,"Kirkwood, MO",3
3196,"Kissimmee, FL",1
1449,"Kittanning, PA",1
810,"Klamath Falls, OR",2
2782,"Knightdale, NC",1
114,"Knoxville, TN",8
3042,"Knoxville, TN, TN",1
904,"Kodiak, AK",2
504,"Kokomo, IN",3
1483,"Kotzebue, AK",1
3179,"Kremmling, CO",1
1544,"Kutztown, PA",1
1271,"La Cañada Flintridge, CA",1
1886,"La Center, WA",1
1165,"La Conner, WA",1
1961,"La Crescenta-Montrose, CA",1
192,"La Crosse, WI",5
2216,"La Grande, OR",1
1297,"La Grange, IL",1
2254,"La Habra, CA",1
3146,"La Marque, TX",1
382,"La Mesa, CA",3
1337,"La Plata, MD",1
2394,"La Porte, IN",1
3144,"La Porte, TX",1
3072,"La Puente, CA",1
2561,"La Quinta, CA",1
3063,"La Salle, IL",1
3029,"La Verne, CA",1
1920,"LaCrosse, WI",1
1466,"LaGrange, GA",1
1679,"LaPlace, LA, LA",1
1394,"LaSalle, IL",1
1578,"Lafayette, CA",1
2919,"Lafayette, CO, CO",1
2979,"Lafayette, IA",1
367,"Lafayette, IN",4
1254,"Lafayette, IN, IN",1
363,"Lafayette, LA",4
388,"Laguna Beach, CA",3
2563,"Laguna Niguel, CA",1
3016,"Laguna Woods, CA",1
1122,"Lake Charles, LA",2
1081,"Lake City, FL",2
1565,"Lake Elsinore, CA",1
1387,"Lake Forest Park, WA",1
3166,"Lake Forest, CA",1
2829,"Lake Forest, IL",1
1224,"Lake Forest, WA",1
728,"Lake Havasu City, AZ",2
1614,"Lake Havasu, AZ",1
1831,"Lake Havasu, CA",1
1315,"Lake Mills, WI",1
1226,"Lake Nona, FL",1
2191,"Lake Orion, MI",1
2015,"Lake Oswego, OR",1
2719,"Lake Oswego, OR, OR",1
3053,"Lake Placid, NY",1
2190,"Lake Station, IN",1
2126,"Lake Stevens, WA",1
1796,"Lake Tahoe, CA",1
1938,"Lake Worth Beach, FL",1
2624,"Lake Worth, FL",1
2134,"Lake Zurich, IL",1
1013,"Lakeland, FL",2
2181,"Lakewood, CA",1
2062,"Lakewood, NJ",1
1393,"Lakewood, OH",1
1625,"Lakewood, WA",1
2141,"Lambertville, MI",1
822,"Lambertville, NJ",2
2440,"Lampasas, TX",1
2411,"Lancaster, CA",1
668,"Lancaster, OH",2
230,"Lancaster, PA",5
1184,"Lancaster, SC",1
2423,"Lansdowne, PA",1
51,"Lansing, MI",12
1190,"Lansing, MI, MI",1
2169,"Lansing, PA",1
877,"Lapeer, MI",2
249,"Laramie, WY",5
502,"Laredo, TX",3
120,"Las Cruces, NM",7
25,"Las Vegas, NV",16
2156,"Lathrop, CA",1
2542,"Latrobe, PA",1
1381,"Laurel, MA",1
2386,"Laurel, MD",1
2637,"Laurinburg, NC",1
1492,"Lawrence, KS",1
355,"Lawrence, MA",4
520,"Lawrenceville, GA",3
1550,"Lawrenceville, VA",1
973,"Lawton, OK",2
2117,"Layfayette, LA",1
767,"Le Mars, IA",2
948,"League City, TX",2
2652,"Leavenworth, KA",1
1093,"Leavenworth, KS",2
1794,"Leavenworth, WA",1
716,"Lebanon, KY",2
2578,"Lebanon, MO",1
1581,"Lebanon, OH",1
662,"Lebanon, OR",2
2682,"Lebanon, PA",1
1855,"Lebanon, TN",1
2576,"Lebanon, VA",1
2109,"Lebec, CA, CA",1
1720,"Ledyard, CT",1
1989,"Leesburg, FL",1
1902,"Leesburg, VA",1
706,"Leesville, LA",2
2835,"Lehigh Acres, FL",1
2303,"Lehighton, PA",1
1473,"Leisure World, MD",1
1108,"Leitchfield, KY",2
2275,"Lemoore, CA",1
2869,"Lenoir, NC",1
2885,"Leominster, MA",1
2302,"Leonardtown, MD",1
1194,"Levelland, TX",1
2048,"Levittown, PA",1
1339,"Lewisburg, PA",1
2969,"Lewisburg, WV",1
2108,"Lewiston, ID",1
232,"Lewiston, ME",5
1318,"Lewisville, TX",1
14,"Lexington, KY",18
2836,"Lexington, MA",1
2791,"Lexington, NC",1
2565,"Lexington, VA",1
2530,"Libby, MT",1
3020,"Liberal, KS",1
2643,"Liberty, OH",1
1406,"Lihue, HI",1
1535,"Lihue, HI, HI",1
1130,"Lima, OH",2
1800,"Lincoln City, OR",1
1482,"Lincoln Park, MI",1
80,"Lincoln, NE",9
2872,"Linden, NJ",1
519,"Lindenhurst, NY",3
2598,"Litchfield, CT",1
2694,"Lititz, PA",1
2676,"Little Elm, TX",1
86,"Little Rock, AR",9
1743,"Little Rock, AR, AR",1
1319,"Littleton, NH",1
1453,"Livermore, CA",1
1061,"Livingston Manor, NY",2
2077,"Livingston, NJ",1
306,"Livonia, MI",4
2474,"Lock Haven, PA",1
3098,"Lockhart, TX",1
2954,"Lockport, NY",1
1457,"Locust Grove, VA",1
259,"Lodi, CA",4
1480,"Logan, UT",1
2569,"Logan, WV",1
2058,"Loganville, GA",1
869,"Lompoc, CA",2
1978,"London, KY",1
1467,"Londonderry, NH",1
1629,"Long Beach Island, NJ",1
173,"Long Beach, CA",6
1573,"Long Beach, NJ",1
2831,"Long Beach, NY",1
642,"Long Branch, NJ",2
1795,"Long Island, NY",1
2215,"Longmeadow, MA, MA",1
585,"Longmont, CO",3
2242,"Longmont, CO, CO",1
300,"Longview, TX",4
261,"Longview, WA",4
2315,"Lopez Island, WA",1
2612,"Lorain, OH",1
1115,"Los Alamitos, CA",2
1908,"Los Alamos, NM",1
2837,"Los Alamos, NM, NM",1
878,"Los Altos, CA",2
11,"Los Angeles, CA",20
3052,"Los Angeles, CA, virtual",1
1953,"Los Banos, CA",1
2264,"Los Gatos, CA",1
2268,"Louisiana, MO",1
4,"Louisville, KY",25
1633,"Louisville, KY, KY",1
1548,"Loveland, CO",1
2450,"Lowell, IL",1
554,"Lowell, MA",3
1737,"Lower Peninsula, MI",1
2548,"Lowville, NY",1
835,"Loyalton, CA",2
2329,"Loíza, Puerto Rico",1
381,"Lubbock, TX",3
428,"Ludington, MI",3
1179,"Ludlow, VT",1
2875,"Ludowici, GA",1
1014,"Lufkin, TX",2
640,"Lumberton, NC",2
2301,"Lunenburg, MA",1
3090,"Lyme, CT",1
141,"Lynchburg, VA",7
2051,"Lynn Haven, FL",1
679,"Lynn, MA",2
1399,"Lynnwood, WA",1
2767,"Machias, ME",1
2825,"Mackinac Island, MI",1
655,"Macomb, IL",2
2806,"Macomb, IL, IL",1
2171,"Macomb, MI",1
225,"Macon, GA",5
1638,"Madera, CA",1
1085,"Madison, CT",2
1817,"Madison, NJ",1
31,"Madison, WI",15
1159,"Madison, WI, WI",1
1065,"Madisonville, KY",2
1470,"Madrid, Spain",1
1945,"Magdalena, NM",1
2432,"Mahomet, IL",1
3124,"Mahwah, NJ",1
3030,"Maine Township, IL",1
743,"Malibu, CA",2
1814,"Malverne, NY",1
346,"Manassas, VA",4
1493,"Manchester Center, VT, VT",1
498,"Manchester, CT",3
903,"Manchester, MD",2
433,"Manchester, NH",3
2358,"Manchester, NJ",1
1524,"Manchester, VT",1
1510,"Mandaree, ND, ND",1
331,"Manhattan Beach, CA",4
247,"Manhattan, KS",5
445,"Manhattan, NY",3
2519,"Manheim Township, PA",1
1995,"Manheim, PA",1
2531,"Manitowoc, WI",1
1913,"Mankato, MN",1
1231,"Manlius, NY",1
1321,"Mansfield, LA",1
2253,"Mansfield, MA",1
2232,"Mansfield, OH",1
2139,"Mansfield, PA",1
981,"Mansfield, TX",2
1435,"Manteo, NC",1
2866,"Manzanita, OR, OR",1
2900,"Maple Valley, WA",1
2349,"Maplewood, MN",1
1605,"Maplewood, NJ",1
1410,"Maquoketa, IA",1
1382,"Marblehead, MA",1
997,"Marco Island, FL",2
2828,"Marfa, TX",1
557,"Maricopa, AZ",3
123,"Marietta, GA",7
455,"Marietta, OH",3
2855,"Marietta, OH, OH",1
2995,"Marin City, CA",1
1429,"Marinette, WI",1
2665,"Marinwood, CA",1
540,"Marion, IL",3
469,"Marion, IN",3
1587,"Marion, NC",1
376,"Marion, OH",3
2170,"Marion, VA",1
1589,"Marlborough, MA",1
3134,Marquette,1
156,"Marquette, MI",6
1474,"Marrero, LA",1
2187,"Marshall, MI",1
1825,"Marshall, MO",1
274,"Marshall, TX",4
2073,"Marshalltown, IA",1
1549,"Marshfield, MA",1
2179,"Marshfield, WI",1
2471,"Martha's Vineyard, MA",1
3127,"Martin, TN",1
799,"Martinsburg, WV",2
2230,"Martinsville, IN",1
768,"Martinsville, VA",2
1602,"Maryland Heights, MO",1
1768,"Marysville, CA",1
2547,"Marysville, KS",1
1916,"Marysville, OH",1
2589,"Marysville, WA",1
2464,"Maryville, MO",1
1344,"Maryville, TN",1
2356,"Mascoutah, IL",1
3076,"Mashpee, MA",1
517,"Mason City, IA",3
1237,"Mason, OH",1
2017,"Massapequa Park, NY",1
3078,"Massena, NY",1
1463,"Mastic, NY",1
1307,"Mathews, VA",1
1656,"Mattapoisett, MA",1
1172,"Mattoon, IL",1
1043,"Maui, HI",2
2802,"Maumee, OH",1
1290,"May 28, Chicago",1
2689,"May 29, Chicago",1
1555,"May 30, Chicago",1
2723,"Maynard, MA",1
2550,"Maywood, IL",1
2148,"McAlester, OK",1
1688,"McAllen, TX",1
2208,"McCook, NE",1
568,"McDonough, GA",3
1607,"McHenry, IL",1
73,"McKinney, TX",10
2076,"McLean, VA",1
462,"McMinnville, OR",3
2328,"McMinnville, TN",1
1812,"Meadville, PA",1
2934,"Mechanicville, NY, NY",1
2660,"Medford, NJ",1
401,"Medford, OR",3
701,"Medina, OH",2
942,"Melbourne, FL",2
12,"Memphis, TN",20
2891,"Menlo Park, CA",1
2246,"Menominee, MI",1
1123,"Menomonee Falls, WI",2
871,"Menomonie, WI",2
198,"Merced, CA",5
815,"Mercer Island, WA",2
731,"Meriden, CT",2
2116,"Meriden, NH",1
1103,"Meridian, MS",2
170,"Merrick, NY",6
1003,"Merrillville, IN",2
1982,"Merrimack, NH",1
2810,"Mesa City, AZ",1
479,"Mesa, AZ",3
2060,"Mesquite, TX",1
2465,"Metairie, LA",1
2562,"Methuen, MA",1
1834,"Metuchen, NJ",1
1628,"Mexico, MO",1
1136,"Miami Beach, FL",2
1275,"Miami Gardens, FL",1
857,"Miami Lakes, FL",2
2085,"Miami Shores, FL",1
22,"Miami, FL",16
940,"Miami, OK",2
2416,"Miamisburg, OH",1
1875,"Michigan City, IN",1
3156,"Middle River, MD",1
1352,"Middle Township, NJ",1
549,"Middlebury, VT",3
2636,"Middlesex, NJ",1
472,"Middletown, CT",3
1962,"Middletown, DE",1
3056,"Middletown, NY",1
587,"Middletown, OH",3
1869,"Middletown, PA",1
2961,"Midland, MI",1
2677,"Midland, PA",1
299,"Midland, TX",4
2320,"Midlothian, TX",1
1630,"Midpines, CA, CA",1
847,"Mifflinburg, PA",2
1682,"Milan, Italy",1
2668,"Milford, CT",1
2454,"Milford, DE",1
2712,"Milford, MA",1
1355,"Milford, NH",1
1408,"Milford, OH",1
1504,"Milford, PA",1
2493,"Mill Creek, WA",1
293,"Mill Valley, CA",4
3204,"Millburn, NJ",1
2119,"Milledgeville, GA",1
1758,"Millersville, PA",1
899,"Millerton, NY",2
1528,"Millville, NJ",1
650,"Milton, MA",2
2209,"Milton, PA",1
2203,"Milton-Freewater, OR",1
18,"Milwaukee, WI",17
2591,"Milwaukee, WI, WI",1
2086,"Milwaukie, OR",1
960,"Minden, LA",2
534,"Mineola, NY",3
17,"Minneapolis, MN",17
2041,"Minneapolis, virtual",1
2075,"Minneapolis–St. Paul, MN",1
1079,"Minot, ND",2
3164,"Mira Mesa, CA",1
670,"Miramar, FL",2
982,"Mishawaka, IN",2
2279,"Mission, TX",1
82,"Missoula, MT",9
1496,"Missouri City, TX",1
1691,"Mitchell, SD",1
775,"Moab, UT",2
3103,"Moberly, MO",1
582,"Mobile, AL",3
204,"Modesto, CA",5
3011,"Modesto, CA, CA",1
3065,"Molalla, OR",1
3119,"Moline, IL",1
1545,"Monett, MO",1
3148,"Monmouth Junction, NJ",1
1439,"Monmouth, IL",1
3101,"Monmouth, ME",1
2468,"Monmouth, OR",1
1791,"Monroe Township, NJ",1
3006,"Monroe, CT",1
3180,"Monroe, GA",1
383,"Monroe, LA",3
1364,"Monroe, MI",1
1997,"Monroe, NC",1
609,"Monroe, NY",2
1347,"Monroe, WA",1
884,"Monroeville, PA",2
621,"Monrovia, CA",2
3035,"Monson, MA",1
1348,"Mont Belvieu, TX",1
2340,"Montague, MI",1
985,"Montauk, NY",2
2705,"Montclair, CA",1
430,"Montclair, NJ",3
1357,"Montclair, NJ, virtual",1
1729,"Montebello, CA",1
393,"Monterey, CA",3
1842,"Montevideo, MN",1
104,"Montgomery, AL",8
684,"Montgomery, NY",2
2106,"Monticello, AR",1
1841,"Monticello, IL",1
1151,"Monticello, NY",2
361,"Montpelier, VT",4
1599,"Montpelier, VT, VT",1
793,"Montrose, CA",2
532,"Montrose, CO",3
889,"Montrose, GA",2
1248,"Montross, VA",1
2796,"Montville, CT",1
3109,"Montville, NJ",1
866,"Moorestown, NJ",2
1770,"Mooresville, IN",1
1461,"Mooresville, NC",1
2363,"Moorpark, CA",1
1278,"Moraga, CA",1
1615,"Morehead City, NC",1
2631,"Morehead, KY",1
785,"Moreno Valley, CA",2
2597,"Morgan Hill, CA",1
1904,"Morganton, NC",1
337,"Morgantown, WV",4
1475,"Morris, IL",1
2830,"Morristown, NJ",1
2923,"Morristown, TN",1
1001,"Morrisville, VT",2
2257,"Morro Bay, CA",1
2373,"Moscow, ID",1
807,"Moses Lake, WA",2
1200,"Moulton, AL",1
425,"Moultrie, GA",3
2953,"Mounds, IL",1
1660,"Mount Clemens, MI",1
3102,"Mount Dora, FL",1
1469,"Mount Holly, NC",1
2347,"Mount Holly, NJ",1
1032,"Mount Pleasant, MI",2
2443,"Mount Pleasant, SC",1
2334,"Mount Pleasant, TX",1
2893,"Mount Shasta, CA",1
1722,"Mount Sinai, NY",1
1680,"Mount Vernon, IA",1
446,"Mount Vernon, NY",3
2654,"Mount Vernon, OH",1
2733,"Mount Vernon, WA",1
1121,"Mountain Brook, AL",2
255,"Mountain Home, AR",4
2123,"Mountain House, CA",1
151,"Mountain View, CA",6
745,"Mountlake Terrace, WA",2
2687,"Mt. Juliet, TN",1
1744,"Mt. Orab, OH",1
3080,"Mt. Pleasant, MI",1
1519,"Mt. Pleasant, PA",1
1293,"Mt. Vernon, IL",1
746,"Mt. Vernon, ME",2
2147,"Mt. Vernon, NY",1
2321,"Mt. Vernon, OH",1
1822,"Mt. Vernon, WA",1
936,"Mukilteo, WA",2
284,"Muncie, IN",4
2650,"Munster, IN",1
195,"Murfreesboro, TN",5
2489,"Murphy, NC",1
893,"Murray, KY",2
1655,"Muscatine, IA",1
851,"Muskegon, MI",2
2976,"Muskogee, OK",1
424,"Myrtle Beach, SC",3
577,"Mystic, CT",3
333,"Nacogdoches, TX",4
2009,"Nanakuli, HI",1
2559,"Nantucket, MA",1
2192,"Nantucket, MA, MA",1
2210,"Nanuet, NY",1
855,"Napa, CA",2
213,"Naperville, IL",5
3057,"Naperville, IL, IL",1
202,"Naples, FL",5
1398,"Naples, Italy",1
2998,"Naples, ME",1
689,"Narberth, PA",2
1661,"Narragansett, RI",1
176,"Narrowsburg, NY",6
653,"Nashua, NH",2
90,"Nashville, TN",9
1601,"Nashville, TN, TN",1
2220,"Nashwauk, MN",1
1966,"Natchez, MS",1
742,"Natchitoches, LA",2
1412,"Naugatuck, CT",1
757,"Navarre, FL",2
1281,"Nazareth, PA",1
1663,"Nebraska City, NE",1
1709,"Neenah, WI",1
1566,"Nevada City, CA",1
1262,"New Albany, IN",1
155,"New Bedford, MA",6
265,"New Bern, NC",4
2787,"New Braunfels, TX",1
761,"New Britain, CT",2
613,"New Brunswick, NJ",2
250,"New Canaan, CT",4
2095,"New Carlisle, OH",1
1147,"New Castle, PA",2
77,"New Haven, CT",9
1518,"New Haven, CT, CT",1
1757,"New Haven, MI",1
1452,"New Hope, PA",1
2142,"New Iberia, LA",1
580,"New Lenox, IL",3
317,"New London, CT",4
46,"New Orleans, LA",12
2613,"New Orleans, LA, LA",1
1867,"New Orleans, NY",1
3206,"New Paltz, NY",1
3184,"New Philadelphia, OH",1
1426,"New Port Richey, FL",1
3028,"New Providence, NJ",1
117,"New Rochelle, NY",7
2243,"New Smyrna Beach, FL",1
3104,"New Town, ND",1
5,"New York, NY",25
1958,"New York, NY, virtual",1
3130,"Newark, DE",1
314,"Newark, NJ",4
924,"Newark, OH",2
2753,"Newberg, OR",1
276,"Newburgh, NY",4
729,"Newburyport, MA",2
210,"Newcastle, ME",5
1777,"Newcastle, WA",1
2794,"Newington, CT",1
1828,"Newland, NC",1
262,"Newnan, GA",4
727,"Newport Beach, CA",2
218,"Newport News, VA",5
2397,"Newport, OR",1
1077,"Newport, RI",2
2553,"Newport, TN",1
2922,"Newport, VT",1
651,"Newton, IA",2
2927,"Newton, KS",1
345,"Newton, MA",4
1002,"Newton, NC",2
967,"Newton, NJ",2
2717,"Newton, NJ, NJ",1
2469,"Newtown, CT",1
885,"Newtown, PA",2
665,"Niagara Falls, NY",2
2293,"Nipomo, CA",1
1350,"Niskayuna, NY",1
3178,"Nocatee, FL",1
1101,"Nogales, AZ",2
2537,"Norco, CA",1
2860,"Norfolk, NE",1
53,"Norfolk, VA",12
302,"Norman, OK",4
1736,"Normandy Park, WA",1
1883,"Norristown, PA",1
2752,"North Adams, MA",1
1289,"North Andover, MA",1
854,"North Bend, WA",2
1004,"North Bergen, NJ",2
1986,"North Brookfield, MA",1
1431,"North Brunswick, NJ",1
3069,"North Canaan, CT",1
2600,"North Canton, OH",1
312,"North Charleston, SC",4
365,"North Conway, NH",4
1438,"North Kingstown, RI",1
2378,"North Little Rock, AR",1
1343,"North Myrtle Beach, SC",1
1690,"North Naples, FL",1
2000,"North Plainfield, NJ",1
1505,"North Platte, NE",1
1489,"North Suffolk, VA",1
2271,"North Wilkesboro, NC",1
839,"Northampton, MA",2
1404,"Northbrook, IL",1
1871,"Northridge, CA",1
1611,"Norton, VA",1
1055,"Norwalk, CT",2
3193,"Norwalk, OH",1
2986,"Norwell, MA",1
307,"Norwich, CT",4
1760,"Norwich, NY",1
617,"Norwood, CO",2
987,"Novato, CA",2
2896,"Novi, NY",1
601,"Nutley, NJ",3
1146,"Nyack, NY",2
1702,"O'Fallon, IL",1
3161,"O'Fallon, MO",1
1551,"Oahu, HI",1
786,"Oak Bluffs, MA",2
1316,"Oak Grove, KY",1
952,"Oak Harbor, WA",2
1981,"Oak Lawn, IL",1
2552,"Oak Park, CA",1
2351,"Oak Park, IL",1
3025,"Oak Park, MI",1
2776,"Oak Ridge, TN",1
2720,"Oakdale, CA",1
1082,"Oakdale, MN",2
20,"Oakland, CA",16
1671,"Oakland, CA, CA",1
2393,"Oakland, MD",1
1741,"Oakley, CA",1
1808,"Oaks Bluff, MA",1
611,"Oakwood, OH",2
3044,"Ocala, FL",1
2167,"Ocean City, MA",1
1054,"Ocean City, MD",2
1385,"Ocean City, NJ",1
2952,"Ocean Springs, MS",1
157,"Oceanside, CA",6
1917,"Oceanside, NY",1
2405,"Ocoee, FL",1
2621,"Ocoee, FL, FL",1
3088,"Oconomowoc, WI",1
2213,"Oconto, WI",1
1870,"Odessa, MO",1
253,"Odessa, TX",4
512,"Ogden, UT",3
1562,"Ogdensburg, NY",1
1174,"Ogen, UT",1
1969,"Oil City, PA",1
3135,"Ojai, CA",1
55,"Oklahoma City, OK",11
1145,"Olathe, KS",2
1230,"Old Bridge, NJ",1
2344,"Old Fort, NC",1
1585,"Old Lyme, CT",1
870,"Old Saybrook, CT",2
515,"Olean, NY",3
606,"Olmsted Falls, OH",2
2703,"Olney, MD",1
107,"Olympia, WA",8
62,"Omaha, NE",11
2229,"Omak, WA",1
443,"Oneonta, NY",3
1856,"Ontario, CA",1
2174,"Ontario, OH",1
954,"Ontario, OR",2
595,"Opelika, AL",3
2684,"Opelousas, LA",1
713,"Orange, CA",2
2774,"Orange, VA",1
649,"Orangeburg, SC",2
1577,"Orangeburg, SC, virtual",1
2718,"Orcas Island, WA",1
1539,"Oregon City, OR, OR",1
2967,"Oregon, IL",1
3095,"Oregon, WI",1
2540,"Orem, UT",1
2700,"Orland Park, IL",1
2310,"Orland, CA",1
49,"Orlando, FL",12
2113,"Orlando, FL, FL",1
2400,"Orleans, MA",1
1045,"Orono, ME",2
1848,"Oroville, CA",1
1517,"Orrville, OH",1
1105,"Oshkosh, WI",2
782,"Oskaloosa, IA",2
395,"Ossining, NY",3
1000,"Oswego, NY",2
569,"Ottawa, IL",3
644,"Ottumwa, IA",2
1955,"Ouray, CO",1
171,"Overland Park, KS",6
1234,"Owasso, OK",1
1133,"Owatonna, MN",2
324,"Owensboro, KY",4
2693,"Oxford, CT",1
405,"Oxford, MS",3
2498,"Oxford, OH",1
246,"Oxnard, CA",5
2359,"Oyster Bay, NY",1
2055,"O’Fallon Township, IL",1
2843,"O’Hara, PA",1
763,"Pacific Beach, CA",2
231,"Paducah, KY",5
1279,"Painesville, OH",1
1336,"Paintsville, KY",1
1036,"Palatine, IL",2
2658,"Palestine, TX",1
824,"Palm Bay, FL",2
1490,"Palm Beach (town), FL",1
2380,"Palm Beach Gardens, FL",1
205,"Palm Beach, FL",5
1432,"Palm Coast, FL",1
1494,"Palm Desert, CA",1
349,"Palm Springs, CA",4
483,"Palmdale, CA",3
2683,"Palmer, AK",1
2019,"Palmerton, PA",1
145,"Palo Alto, CA",6
2070,"Palo Alto, CA, CA",1
2942,"Palos Heights, IL",1
2602,"Palos Verdes Estates, CA",1
3050,"Palos Verdes, CA",1
1584,"Pampa, FL",1
2775,"Panama City Beach, FL",1
377,"Panama City, FL",3
2196,"Panhandle, TX",1
1901,"Parachute, CO",1
2212,"Paramount, CA",1
2909,"Paramus, NJ",1
1928,"Paris, TN",1
1031,"Paris, TX",2
3125,"Park City, UT",1
547,"Park Rapids, MN",3
618,"Park Ridge, IL",2
552,"Parkersburg, WV",3
2461,"Parma, OH",1
2795,"Parsippany, NJ",1
1400,"Parsons, KS",1
124,"Pasadena, CA",7
1898,"Pasadena, CA, CA",1
1574,"Pasadena, MD",1
283,"Pasco, WA",4
2747,"Patchogue, NY",1
296,"Paterson, NJ",4
1835,"Pauls Valley, OK",1
1420,"Pawleys Island, SC",1
3163,"Payson, AZ",1
2749,"Payson, AZ, AZ",1
860,"Peabody, MA",2
2529,"Peachtree City, GA",1
1488,"Peconic, NY",1
2798,"Pecos, TX",1
2641,"Peekskill, NY",1
2898,"Pekin, IL",1
1020,"Pelham, NY",2
938,"Pembroke Pines, FL",2
3154,"Pen Argyl, PA",1
2392,"Pendelton, OR",1
2379,"Pendleton, IN",1
1338,"Pendleton, OR",1
2354,"Penn Yan, NY",1
2926,"Pennington, NJ",1
2409,"Pennsburg, PA",1
2815,"Pennwynne, PA",1
67,"Pensacola, FL",10
840,"Peoria, IL",2
1836,"Perkasie, PA",1
1924,"Perris, CA, CA",1
932,"Perrysburg, OH",2
2337,"Perryville, MO",1
484,"Pescadero, CA",3
165,"Petal, MS",6
2473,"Petaluma, CA",1
1623,"Petaluma, CA, CA",1
691,"Peterborough, NH",2
1059,"Petersburg, VA",2
158,"Petoskey, MI",6
2748,"Phenix City, AL",1
23,"Philadelphia, PA",16
2406,"Philadelphia, PA, PA",1
1088,"Philipsburg, PA",2
2539,"Phillipsburg, NJ",1
8,"Phoenix, AZ",21
2785,"Phoenixville, PA",1
805,"Picayune, MS",2
2533,"Pickens, SC",1
1522,"Piedmont, CA",1
1075,"Pierre, SD",2
2453,"Pikeville, KY",1
1267,"Pilot Point, TX",1
1640,"Pinckney, MI",1
2046,"Pinckneyville, IL",1
2278,"Pine Bluff, AR",1
2725,"Pine City, MN",1
3182,"Pine Ridge, SD",1
2771,"Pinedale, WY",1
3158,"Pinole, CA",1
1761,"Piqua, OH",1
955,"Pitman, NJ",2
1241,"Pittsboro, NC",1
2027,"Pittsburg, KS",1
34,"Pittsburgh, PA",14
1464,"Pittsburgh, PA, PA",1
457,"Pittsfield, MA",3
273,"Pittsfield, MI",4
3032,"Pittsfield, VT",1
2543,"Pittsford, NY",1
1378,"Pittston, PA",1
883,"Placentia, CA",2
3123,"Placerville, CA",1
1534,"Placerville, CA, CA",1
1305,"Plainfield, CT",1
2112,"Plainfield, IL",1
1068,"Plainfield, NH",2
2492,"Plainfield, NJ",1
1881,"Plainview, NY",1
3133,"Plainville, CT",1
1017,"Plano, TX",2
1809,"Plant City, FL",1
927,"Plattsburgh, NY",2
1730,"Pleasant Hills, PA",1
1632,"Pleasanton, CA",1
1786,"Plymouth Meeting, PA",1
2842,"Plymouth, IN",1
3100,"Plymouth, MA",1
486,"Plymouth, MI",3
2975,"Plymouth, MN",1
415,"Pocatello, ID",3
1686,"Pocomoke City, MD",1
1863,"Podgorica, Montenegro",1
1300,"Point Pleasant Beach, NJ",1
2772,"Political, Puerto Rico",1
2765,"Polson, MT",1
3199,"Pomfret, CT",1
391,"Pomona, CA",3
2104,"Pompano Beach, FL",1
2890,"Ponca City, OK",1
3026,"Ponchatoula, LA",1
1681,"Ponte Vedra Beach, FL",1
503,"Pontiac, MI",3
1705,"Poquoson, VA",1
1251,"Port Allen, LA",1
450,"Port Angeles, WA",3
2506,"Port Arthur, TX",1
308,"Port Huron, MI",4
619,"Port Jefferson Station, NY",2
1089,"Port Jefferson, NY",2
2317,"Port Jervis, NY",1
1411,"Port Orange, FL",1
2572,"Port Orchard, WA, WA",1
2063,"Port St. Lucie, FL",1
591,"Port Townsend, WA",3
2661,"Port Washington, WI",1
1707,"Portage, IN",1
2308,"Portage, MI",1
2270,"Portage, PA",1
2460,"Portales, NM",1
2895,"Porterville, CA",1
2183,"Portland, IN",1
126,"Portland, ME",7
0,"Portland, OR",35
2120,"Portland, OR, OR",1
1023,"Portsmouth, NH",2
1745,"Portsmouth, NH, virtual",1
1788,"Portsmouth, OH",1
223,"Portsmouth, VA",5
235,"Potsdam, NY",5
946,"Pottstown, PA",2
2336,"Pottsville, PA",1
310,"Poughkeepsie, NY",4
765,"Poulsbo, WA",2
260,"Poway, CA",4
1926,"Prairie Grove, AR",1
2742,"Prairie Village, KS",1
2724,"Prairie Village, MO",1
2218,"Prairie du Sac, WI",1
1221,"Prescott Valley, AZ",1
886,"Prescott, AZ",2
344,"Presque Isle, ME",4
1458,"Prestonburg, KY",1
2701,"Prince Frederick, MD",1
2906,"Princeton, IL",1
1911,"Princeton, IN",1
2307,"Princeton, KY",1
792,"Princeton, NJ",2
1266,"Princeton, WV",1
2466,"Prineville, OR",1
2451,"Protester violence, MI",1
108,"Providence, RI",8
2004,"Providence, RI, RI",1
1485,"Provincetown, MA",1
280,"Provo, UT",4
545,"Pueblo, CO",3
336,"Pullman, WA",4
1099,"Punta Gorda, FL",2
1448,"Punxsutawney, PA",1
2288,"Purcellville, VA",1
1937,"Puyallup, WA",1
1575,"Quakertown, PA",1
2323,"Queen Creek, AZ",1
48,"Queens, NY",12
1216,"Quincy, CA",1
2417,"Quincy, CA, CA",1
1751,"Quincy, FL",1
1126,"Quincy, IL",2
776,"Quincy, MA",2
3190,"Quincy, WA",1
1095,"Quinlan, TX",2
191,"Racine, WI",5
828,"Radnor, PA",2
447,"Raeford, NC",3
1987,"Rahway, NJ",1
27,"Raleigh, NC",15
602,"Ramona, CA",3
356,"Rancho Cucamonga, CA",4
1775,"Rancho Mirage, CA",1
918,"Rancho Palos Verdes, CA",2
1286,"Rancho Santa Margarita, CA",1
1459,"Randallstown, MA",1
1436,"Randallstown, MD",1
1154,"Randolph, MA",1
1708,"Randolph, VT",1
352,"Rapid City, SD",4
1923,"Rapid City, SD, SD",1
2779,"Ravenna, OH",1
2184,"Raymond, WA",1
3033,"Reading, MA",1
494,"Reading, PA",3
930,"Red Bank, NJ",2
1532,"Red Bank, SC",1
915,"Red Bluff, CA",2
1748,"Red Hook, NY",1
2245,"Red Lodge, MT",1
2446,"Red Oak, TX",1
1048,"Red Wing, MN",2
182,"Redding, CA",6
573,"Redlands, CA",3
600,"Redmond, WA",3
1362,"Redondo Beach, CA",1
941,"Redwood City, CA",2
970,"Rehoboth Beach, DE",2
2759,"Reidsville, NC",1
122,"Reno, NV",7
2746,"Renssleaer, NY",1
412,"Renton, WA",3
1554,"Revere, MA",1
896,"Rexburg, ID",2
935,"Rhinebeck, NY",2
2240,"Rhinelander, WI",1
625,"Rice Lake, WI",2
2618,"Richardson, TX",1
700,"Richland, WA",2
2856,"Richlands, VA",1
2845,"Richmond Hill, GA",1
806,"Richmond, CA",2
755,"Richmond, IN",2
1500,"Richmond, KY",1
1929,"Richmond, OH",1
1701,"Richmond, RI",1
3,"Richmond, VA",25
350,"Ridgecrest, CA",4
2592,"Ridgefield Park, NJ",1
1361,"Ridgefield, CT",1
2549,"Ridgefield, WA",1
1507,"Ridgeway, VA",1
1049,"Ridgewood, NJ",2
1073,"Rifle, CO",2
614,"Rio Grande, NJ",2
2915,"Rio Rancho, NM",1
2140,"Ripon, CA",1
3197,"Riverbank, CA",1
804,"Riverhead, NY",2
159,"Riverside, CA",6
2648,"Riverside, NJ",1
2905,"Riverton, WY",1
634,"Riverview, FL",2
1430,"Riverview, MI",1
639,"Riviera Beach, FL",2
2006,"Roanoke, TX, TX",1
146,"Roanoke, VA",6
1373,"Roanoke, VA, VA",1
1797,"Robesonia, PA",1
1967,"Rochester Hills, MI",1
788,"Rochester, MI",2
196,"Rochester, MN",5
174,"Rochester, NY",6
749,"Rock Hill, SC",2
2476,"Rock Island, IL",1
467,"Rock Springs, WY",3
56,"Rockford, IL",11
2681,"Rockingham, NC",1
739,"Rockland, ME",2
2515,"Rockville, MD",1
1308,"Rockwall, TX",1
2738,"Rocky Hill, CT",1
2811,"Rocky Mount, NC",1
1527,"Rocky Mount, VA",1
597,"Rogers, AR",3
2708,"Rolla, MO",1
162,"Rome, GA",6
1779,"Rome, Italy",1
1781,"Rome, NY",1
2135,"Romeo, MI",1
2001,"Romulus, MI",1
1451,"Roosevelt, NY",1
2690,"Roseburg, OR",1
2276,"Roselle, NJ",1
264,"Roseville, CA",4
2707,"Roseville, MI",1
1909,"Roseville, MN",1
1696,"Roslindale, MA",1
1728,"Roslyn, WA",1
916,"Roswell, GA",2
2297,"Roswell, NM",1
1371,"Round Hill, VA",1
200,"Round Rock, TX",5
1389,"Rowland Heights, CA",1
2946,"Rowlett, TX",1
2045,"Roxbury, MA",1
544,"Royal Oak, MI",3
2431,"Royal Oak, MI, MI",1
2365,"Royalton, VT",1
1283,"Royersford, PA",1
2472,"Royse City, TX",1
1666,"Rugby, ND",1
421,"Ruidoso, NM",3
1218,"Rushville, IN",1
2241,"Russellville, AR",1
3031,"Ruston, LA",1
1798,"Rutherford, NJ",1
397,"Rutland, VT",3
2921,"Rye, NY",1
44,"Sacramento, CA",13
2947,"Sacramento, CA, virtual",1
2375,"Saddle Brook, NJ",1
1925,"Safford, AZ",1
1683,"Sag Harbor, NY",1
323,"Saginaw, MI",4
357,"Salem, MA",4
1888,"Salem, NH",1
71,"Salem, OR",10
2930,"Salem, VA",1
661,"Salida, CO",2
3186,"Salina, KS",1
671,"Salinas, CA",2
1041,"Salisbury, CT",2
844,"Salisbury, MD",2
1910,"Salisbury, MD, MD",1
257,"Salisbury, NC",4
9,"Salt Lake City, UT",21
1445,"Salt Lake City, UT, UT",1
1711,"Sam Jose, CA",1
2410,"San Angelo, TX",1
47,"San Antonio, TX",12
980,"San Bernardino, CA",2
783,"San Clemente, CA",2
16,"San Diego, CA",18
2003,"San Diego, CA, CA",1
1114,"San Dimas, CA",2
1274,"San Francisco Peninsula, CA",1
30,"San Francisco, CA",15
2099,"San Gabriel, CA",1
61,"San Jose, CA",11
1582,"San Jose, CA, CA",1
1852,"San Juan, PR",1
2090,"San Juan, Puerto Rico",1
1162,"San Leandro, CA",1
139,"San Luis Obispo, CA",7
2731,"San Marcos, CA",1
598,"San Marcos, TX",3
1094,"San Mateo, CA",2
2839,"San Pedro, CA",1
1028,"San Rafael, CA",2
1805,"San Ramon, CA",1
1472,"Sandersville, GA",1
1087,"Sandpoint, ID",2
643,"Sandusky, OH",2
1823,"Sandwich, IL",1
1414,"Sandy Springs, GA",1
858,"Sandy, OR",2
2805,"Sanford, ME",1
2818,"Sanford, NC",1
197,"Santa Ana, CA",5
270,"Santa Barbara, CA",4
1273,"Santa Clara, CA",1
3116,"Santa Clara, CA, CA",1
89,"Santa Clarita, CA",9
152,"Santa Cruz, CA",6
1295,"Santa Cruz, CA, CA",1
222,"Santa Fe, NM",5
2832,"Santa Fe, NM, NM",1
390,"Santa Maria, CA",3
149,"Santa Monica, CA",6
2012,"Santa Paula, CA",1
96,"Santa Rosa, CA",8
2260,"Santa ana, CA, CA",1
121,"Santee, CA",7
610,"Saranac Lake, NY",2
109,"Sarasota, FL",8
499,"Saratoga Springs, NY",3
1525,"Sault Ste. Marie, MI",1
125,"Savannah, GA",7
1540,"Sayreville, NJ",1
1276,"Sayville, NY",1
1173,"Schaumburg, IL",1
2151,"Schenectady, NY",1
2091,"Scituate, MA",1
2936,"Scotch Plains, NJ",1
2335,"Scottsbluff, NE",1
584,"Scottsdale, AZ",3
2005,"Scottsdale, AZ, virtual",1
477,"Scranton, PA",3
2609,"Seaford, DE",1
676,"Seaside, CA",2
2350,"Seaside, CA, CA",1
1665,"Seaside, OR",1
10,"Seattle, WA",20
1416,"Seattle, WA, WA",1
1765,"Seaview, WA",1
160,"Sebastopol, CA",6
1440,"Sebring, FL",1
2808,"Sedalia, MO",1
1538,"Seguin, TX",1
508,"Selah, WA",3
389,"Selinsgrove, PA",3
705,"Selma, AL",2
2092,"Selma, NC",1
386,"Sequim, WA",3
2038,"Seymour, IN",1
432,"Shaker Heights, OH",3
1782,"Shamokin, PA",1
3122,"Sharon, CT",1
1374,"Sharon, OH",1
702,"Sharon, PA",2
1991,"Sharpsville, PA",1
2143,"Shawano, WI",1
2797,"Shawnee, OK",1
922,"Sheboygan, WI",2
2193,"Shelburne Falls, MA",1
2256,"Shelby Town, MI",1
2316,"Shelby Township, MI",1
531,"Shelby, NC",3
2227,"Shelby, OH",1
937,"Shelbyville, KY",2
1376,"Shelter Island, NY",1
2161,"Shelton, CT",1
1175,"Shelton, WA",1
2439,"Sheridan, WY",1
1250,"Sherman, TX",1
2846,"Shippensburg, PA",1
359,"Shirley, NY",4
3048,"Shoreline, WA",1
2943,"Shoreview, MN",1
945,"Shorewood, WI",2
169,"Shreveport, LA",6
1557,"Shrewsbury, MA",1
1918,"Sidney, NE",1
3051,"Sidney, OH",1
2867,"Sierra Madre, CA",1
779,"Sierra Vista, AZ",2
2226,"Silver City, NM",1
560,"Silver Spring, MD",3
2396,"Silver Spring, MD, MD",1
2324,"Silverdale, WA",1
2672,"Silverton, OR",1
456,"Simi Valley, CA",3
2781,"Simi Valley, CA, CA",1
2427,"Simpsonville, SC",1
2916,"Simsbury, CT",1
220,"Sioux City, IA",5
461,"Sioux Falls, SD",3
219,"Sisters, OR",5
680,"Sitka, AK",2
2369,"Skagway, AK",1
3077,"Skaneateles, NY",1
2566,"Skokie, IL",1
1687,"Skowhegan, ME",1
1110,"Slidell, LA",2
526,"Smithtown, NY",3
521,"Smyrna, GA",3
724,"Snohomish, WA",2
1288,"Snoqualmie, WA",1
2343,"Socorro, NM",1
1658,"Sofia, Bulgaria",1
1269,"Solana Beach, CA",1
1998,"Soldotna, AK",1
2696,"Solona Beach, CA",1
1804,"Solvang, CA",1
1725,"Somers Point, NJ",1
3108,"Somers, CT",1
1235,"Somers, NY",1
1447,"Somerset, KY",1
2949,"Somerset, PA",1
1860,"Somerville, CA",1
1280,"Somerville, MA",1
842,"Somerville, NJ",2
2407,"Sonoma, CA",1
1183,"Sonora, CA",1
2740,"Souderton, PA",1
685,"South Bay, CA",2
266,"South Bend, IN",4
1833,"South Boston, VA",1
914,"South Brunswick, NJ",2
3152,"South Hadley, MA",1
2272,"South Jordan, UT",1
2002,"South Kingstown, RI",1
2040,"South Lake Tahoe, CA",1
453,"South Pasadena, CA",3
1322,"South Portland, ME",1
1363,"South Royalton, VT",1
2093,"South San Francisco, CA",1
559,"South Windsor, CT",3
2817,"Southampton, NY",1
3126,"Southbridge, MA",1
773,"Southbury, CT",2
224,"Southfield, MI",5
2814,"Southington, CT",1
3181,"Southlake, TX",1
837,"Southport, NC",2
3132,"Southwick, MA",1
2096,"Sparta, IL",1
2657,"Sparta, NJ",1
1046,"Spartanburg, SC",2
2390,"Spencer, IA",1
94,"Spokane, WA",9
2594,"Spotsylvania County, VA",1
1246,"Spotsylvania, VA",1
2505,"Spring Hill, TN",1
852,"Spring Hope, NC",2
2911,"Spring Township, PA",1
2237,"Spring Valley, NY",1
873,"Springboro, OH",2
563,"Springfield, IL",3
142,"Springfield, MA",6
103,"Springfield, MO",8
762,"Springfield, NJ",2
408,"Springfield, OH",3
329,"Springfield, OR",4
1646,"Springfield, VT",1
1843,"St. Albans, VT",1
1598,"St. Anthony, MN",1
161,"St. Augustine, FL",6
2331,"St. Charles, IL",1
334,"St. Charles, MO",4
1328,"St. Clair Shores, MI",1
211,"St. Cloud, MN",5
2972,"St. Francisville, LA",1
148,"St. George, UT",6
1418,"St. Helena Island, SC, virtual",1
1245,"St. Helens, OR",1
2150,"St. John, IL",1
635,"St. John, IN",2
3086,"St. Johns, FL",1
2625,"St. Johns, IL",1
3194,"St. Johnsbury, VT",1
1167,"St. Joseph, MI",1
572,"St. Joseph, MO",3
1746,"St. Louis City, MO",1
1622,"St. Louis Park, MN",1
26,"St. Louis, MO",15
1401,"St. Louis, MO, MO",1
1776,"St. Marys, PA",1
1370,"St. Matthews, KY",1
40,"St. Paul, MN",13
1375,"St. Peter, MN",1
60,"St. Petersburg, FL",11
2274,"St. Tammany Parish, LA",1
2065,"Stafford, NJ",1
3120,"Stafford, VA",1
236,"Stamford, CT",5
1780,"Stanardsville, VA",1
1618,"Stanford, CA",1
136,"Stanwood, WA",7
1377,"Starkville, MS",1
248,"State College, PA",5
84,"Staten Island, NY",9
672,"Statesboro, GA",2
574,"Statesville, NC",3
1021,"Staunton, VA",2
872,"Steamboat Springs, CO",2
790,"Stephenville, TX",2
2204,"Sterling Heights, MI",1
2211,"Sterling, CO",1
2136,"Sterling, VA",1
1056,"Steubenville, OH",2
396,"Stevens Point, WI",3
3115,"Stevenson, WA",1
2145,"Stillwater, OK",1
131,"Stockton, CA",7
1950,"Stone Mountain, GA",1
796,"Stonington, CT",2
1861,"Storm Lake, IA",1
708,"Stoughton, MA",2
2231,"Stoughton, MA, MA",1
1253,"Stowe, VT",1
2137,"Stratford, CT",1
2401,"Streator, IL",1
965,"Stroudsburg, PA",2
641,"Stuart, FL",2
1907,"Studio City, CA",1
1529,"Sturbridge, MA",1
1764,"Sturgeon Bay, WI",1
1051,"Sudbury, MA",2
926,"Suffolk, VA",2
3176,"Sulphur Springs, TX",1
627,"Summerville, SC",2
1769,"Summit, NJ",1
378,"Sumter, SC",3
2611,"Sun Prairie, WI",1
3165,"Sunapee, NH",1
2568,"Sunbury, PA",1
1946,"Sunnyvale, CA",1
2287,"Sunrise, FL",1
2977,"Superior, WI",1
984,"Surprise, AZ",2
2157,"Suwanee, GA",1
1042,"Swampscott, MA",2
2029,"Sweetwater, TN",1
1766,"Sycamore, IL",1
268,"Sykesville, MD",4
2761,"Sylacauga, AL",1
913,"Sylva, NC",2
2083,"Sylvania, OH",1
2128,"Syosset, NY",1
42,"Syracuse, NY",13
75,"Tacoma, WA",10
2823,"Tacoma, WA, WA",1
1391,"Tahlequah, OK",1
2319,"Takoma Park, MD",1
1559,"Talkeetna, AK",1
1654,"Talladega, AL",1
45,"Tallahassee, FL",13
1424,"Tallmadge, OH",1
36,"Tampa, FL",13
2517,"Tampa, Fl",1
2859,"Tampa, Fl, virtual",1
1571,"Tamuning, GU",1
1887,"Tamuning, Guam",1
2049,"Taneytown, MD",1
1590,"Taos, NM",1
1329,"Tarrytown, NY",1
2579,"Taunton, MA",1
2647,"Taunton, MD",1
2251,"Tavares, FL",1
3018,"Taylor, MI",1
2945,"Taylor, TX",1
2902,"Taylorville, IL",1
1694,"Teaneck, NJ",1
2595,"Tecumseh, MI",1
2250,"Tehachapi, CA",1
1721,"Telluride, CO",1
2790,"Telluride, CO, CO",1
216,"Temecula, CA",5
2849,"Tempe, AZ",1
3205,"Temple City, CA",1
3131,"Temple Terrace, FL",1
1066,"Temple, TX",2
2699,"Terra Linda, CA",1
164,"Terre Haute, IN",6
1243,"Tewksbury, MA",1
576,"Texarkana, TX",3
1971,"The Dalles, OR",1
905,"The Woodlands, TX",2
1899,"Thetford, VT",1
1187,"Thibodaux, LA",1
2205,"Thomaston, CT",1
1141,"Thomasville, GA",2
1889,"Thomson, GA",1
561,"Thousand Oaks, CA",3
2907,"Tiffin, OH",1
2555,"Tifton, GA",1
2756,"Timonium, MD",1
3172,"Tinley Park, IL",1
1163,"Tipp City, OH",1
2207,"Titusville, FL",1
2583,"Tokyo, Japan",1
286,"Toledo, OH",4
2114,"Tolland, CT",1
2841,"Tolono, IL",1
1495,"Tomah, WI",1
1890,"Tomball, TX",1
2554,"Toms River, NJ",1
238,"Topeka, KS",5
2653,"Topeka, KS, KS",1
578,"Torrance, CA",3
417,"Torrington, CT",3
2928,"Torrington, WY",1
523,"Towson, MD",3
1933,"Tracy, CA",1
667,"Traverse City, MI",2
514,"Trenton, NJ",3
2524,"Tri-Cities, WA",1
2557,"Trotwood, OH",1
2478,"Troutdale, OR",1
427,"Troy, AL",3
338,"Troy, MI",4
596,"Troy, NY",3
2486,"Troy, OH",1
816,"Truckee, CA",2
1259,"Trumbull, CT",1
2645,"Truth or Consequences, NM, NM",1
741,"Tualatin, OR",2
1227,"Tuckahoe, VA",1
138,"Tucson, AZ",7
2199,"Tukwila, WA",1
1608,"Tulalip Indian Reservation, WA",1
2414,"Tulare, CA",1
63,"Tulsa, OK",11
2626,"Tulsa, OK, OK",1
2760,"Tumwater, WA",1
351,"Tupelo, MS",4
1198,"Tupper Lake, NY",1
1644,"Turin, Italy",1
207,"Turlock, CA",5
1155,"Turners Falls, MA",1
880,"Tuscaloosa, AL",2
511,"Tuscola, IL",3
663,"Tuscon, AZ",2
2587,"Tuscumbia, AL",1
2124,"Tuskegee, AL",1
2435,"Tustin, CA",1
907,"Twentynine Palms, CA",2
718,"Twin Falls, ID",2
1185,"Tybee Island, GA",1
420,"Tyler, TX",3
1083,"Ukiah, CA",2
2809,"Unadilla, NY",1
1395,"Unalakleet, AK",1
1433,"Union, MO",1
1207,"Uniondale, NY",1
2482,"Uniontown, PA",1
2750,"University Heights, CA",1
715,"Upland, CA",2
2570,"Upper Arlington, OH",1
771,"Upper Darby, PA",2
2619,"Upper Jay, NY",1
1992,"Upper Marlboro, MD",1
2370,"Upper St. Clair, PA",1
328,"Urbana, IL",4
3017,"Utica, NY",1
1879,"Utulei, American Samoa",1
530,"Vacaville, CA",3
374,"Vail, CO",3
2248,"Valdez, AK",1
535,"Valdosta, GA",3
974,"Valencia, CA",2
100,"Vallejo, CA",8
2079,"Vallejo, CA, CA",1
1792,"Valley Center, KS",1
2651,"Valley City, ND",1
340,"Valley Stream, NY",4
2989,"Valparaiso, IN",1
2639,"Van Nuys, CA",1
1265,"Van Wert, OH",1
322,"Vancouver, WA",4
2582,"Vandergrift, PA",1
537,"Vashon, WA",3
1939,"Venice Beach, CA",1
3128,"Venice, CA",1
392,"Ventura, CA",3
1753,"Ventura, CA, CA",1
2590,"Vergennes, VT",1
2736,"Vernon Hills, IL",1
2960,"Vernon, CT",1
1285,"Vernon, NJ",1
629,"Vero Beach, FL",2
2433,"Vestavia Hills, AL",1
2878,"Vicksburg, MO",1
2616,"Vicksburg, MS",1
1516,"Victor, ID",1
1752,"Victor, NY",1
485,"Victoria, TX",3
588,"Victorville, CA",3
3174,"Vidor, TX",1
1084,"Vienna, VA",2
3014,"Viera, FL",1
1905,"Vilonia, AK",1
1846,"Vincennes, IN",1
1138,"Vineland, NJ",2
1503,"Vineyard Haven, MA",1
2518,"Vineyard Haven, MA, MA",1
2608,"Virgina Beach, VA",1
97,"Virginia Beach, VA",8
991,"Virginia, MN",2
2306,"Viroqua, WI",1
186,"Visalia, CA",6
2387,"Vista, CA",1
1441,"Voorhees, NJ",1
900,"Waco, TX",2
3201,"Wadesboro, NC",1
1672,"Wagoner, OK",1
500,"Waikiki, HI",3
3110,"Waitsfield, VT",1
2634,"Walhalla, SC",1
2066,"Walker, LA",1
712,"Walla Walla, WA",2
725,"Wallingford, CT",2
2931,"Wallingford, CT, CT",1
2384,"Wallkill, NY",1
2399,"Walnut , CA",1
1514,"Walnut Cove, NC",1
1109,"Walnut Creek, CA",2
2144,"Walnut, CA",1
1249,"Walpole, MA",1
1040,"Waltham, MA",2
1613,"Walton County, FL",1
1801,"Ware, MA",1
325,"Warner Robins, GA",4
675,"Warren, MI",2
2300,"Warren, NJ",1
1499,"Warren, OH",1
882,"Warren, PA",2
1349,"Warrenton, VA",1
719,"Warsaw, IN",2
811,"Warsaw, Poland",2
400,"Warwick, NY",3
2050,"Wasau, WI",1
2103,"Waseca, MN",1
3171,"Washburn, WI",1
1181,"Washington DC, DC",1
2901,"Washington DC, DC, DC",1
1351,"Washington Township, MI",1
1664,"Washington, CT",1
6,"Washington, DC",22
1713,"Washington, IN",1
1652,"Washington, MO",1
736,"Washington, NC",2
581,"Washington, PA",3
819,"Washougal, WA",2
1669,"Waterbury, CT",1
2646,"Waterbury, VT",1
979,"Waterford, CT",2
1292,"Waterford, NY",1
135,"Waterloo, IA",7
1177,"Waterloo, IL",1
1397,"Waterloo, MO",1
3111,"Watertown, CT",1
681,"Watertown, NY",2
2545,"Watertown, SD",1
823,"Waterville, ME",2
2870,"Watsontown, PA",1
3062,"Watsonville, CA",1
830,"Waukegan, IL",2
615,"Waukesha, WI",2
1857,"Waupaca, WI",1
751,"Wausau, WI",2
434,"Wauwatosa, WI",3
1009,"Waxahachie, TX",2
1407,"Waxhaw, NC",1
1951,"Wayland, MA",1
902,"Wayne, NE",2
2194,"Wayne, NJ",1
1176,"Wayne, PA",1
2799,"Waynesboro, GA",1
2786,"Waynesboro, PA",1
657,"Waynesboro, VA",2
1596,"Waynesburg, PA, PA",1
1609,"Waynesville, NC",1
1894,"Weatherford, TX",1
2030,"Weaverville, CA",1
3066,"Weaverville, NC",1
1553,"Webster Groves, MO",1
605,"Webster, MA",2
2511,"Wellfleet, MA",1
862,"Wellington, CO",2
290,"Wellington, FL",4
2564,"Wellington, KS",1
2857,"Wellsville, NY",1
553,"Wenatchee, WA",3
2710,"Wendell, MA",1
1692,"West Allis, WI",1
2674,"West Bloomfield, MI",1
2521,"West Bloomfield, MI, virtual",1
1213,"West Brookfield, MA",1
2368,"West Chester, OH",1
369,"West Chester, PA",4
968,"West Covina, CA",2
193,"West Hartford, CT",5
1417,"West Haven, CT",1
1309,"West Haverstraw, NY",1
1778,"West Hempstead, NY",1
845,"West Hollywood, CA",2
2499,"West Islip, NY",1
2950,"West Jefferson, NC",1
2560,"West Melbourne, FL",1
2166,"West Milford, NJ",1
2702,"West Newbury, MA",1
2372,"West Orange, NJ",1
128,"West Palm Beach, FL",7
1346,"West Plains, MO",1
1312,"West Point, NY",1
1767,"West Roxbury, MA",1
1450,"West St. Louis, MO",1
1178,"West St. Paul, MN",1
2088,"West Union, OH",1
1333,"Westborough, MA",1
2803,"Westchester, NY",1
2522,"Westcliffe, CO",1
1484,"Westerly, RI",1
901,"Westerville, OH",2
894,"Westfield, MA",2
489,"Westfield, NJ",3
2032,"Westhampton Beach, NY",1
2367,"Westland, MI",1
891,"Westminster, CA",2
305,"Westminster, MD",4
2764,"Westmont, NJ",1
2826,"Westmoreland, NY",1
3036,"Weston, CT",1
524,"Weston, FL",3
1019,"Westport, CT",2
1893,"Westwood, Los Angeles, CA",1
3081,"Wethersfield, CT",1
1763,"Wheaton, IL",1
2863,"Wheeling, WV",1
491,"White Plains, NY",3
3071,"White Settlement, TX, TX",1
2420,"Whitefish Bay, WI",1
315,"Whitefish, MT",4
1897,"Whitesburg, KY",1
2266,"Whitesburg, KY, KY",1
2713,"Whitewater, WI",1
2912,"Whitewater, WI, WI",1
764,"Whitman, MA",2
263,"Whittier, CA",4
1090,"Wichita Falls, TX",2
98,"Wichita, KS",8
3010,"Wildwood, MO",1
2261,"Wildwood, NJ",1
177,"Wilkes-Barre, PA",6
1215,"Wilkesboros, NC",1
686,"Williamsburg, VA",2
821,"Williamson, WV",2
992,"Williamsport, PA",2
599,"Williamstown, MA",3
2436,"Williamstown, MA, MA",1
208,"Willingboro, NJ",5
1884,"Willis, TX",1
865,"Williston, ND",2
1191,"Willits, CA",1
622,"Willmar, MN",2
1733,"Wilmar, MN",1
525,"Wilmington, DE",3
2419,"Wilmington, MA",1
133,"Wilmington, NC",7
820,"Wilmington, OH",2
3027,"Wilmington, VT",1
963,"Wilson, NC",2
1868,"Wilton, CT",1
722,"Wimberley, TX",2
710,"Winchester, KY",2
2502,"Winchester, TN",1
583,"Winchester, VA",3
555,"Windermere, FL",3
2892,"Windham, CT",1
1820,"Windsor Locks, CT",1
964,"Windsor, CT",2
1456,"Winfield, IL",1
304,"Winfield, KS",4
2940,"Winnetka, IL",1
1204,"Winnsboro, LA",1
2599,"Winona, MN",1
2853,"Winslow, WA",1
28,"Winston-Salem, NC",15
2777,"Winthrop, WA",1
460,"Wiscasset, ME",3
2528,"Wisconsin Rapids, WI",1
1829,"Woburn, MA",1
3024,"Wolcott, CT",1
1864,"Wolfeboro, NH, NH",1
2224,"Woodbridge, VA",1
1567,"Woodburn, OR",1
1195,"Woodbury, CT",1
2581,"Woodbury, MN",1
2305,"Woodcreek, TX",1
2455,"Woodhaven, MI",1
465,"Woodland, CA",3
1704,"Woodstock, CT",1
612,"Woodstock, GA",2
616,"Woodstock, IL",2
2990,"Woodstock, NY, NY",1
2175,"Woodstock, VT",1
2475,"Woodward, OK",1
1755,"Woonsocket, RI",1
70,"Wooster, OH",10
234,"Worcester, MA",5
1392,"Worthington, MN",1
436,"Worthington, OH",3
1738,"Wyandotte, MI",1
2102,"Wylie, TX",1
2994,"Wynnwood, FL",1
1988,"Wyoming, RI, RI",1
2851,"Wytheville, VA",1
735,"Xenia, OH",2
413,"Yachats, OR",3
1477,"Yakima, WA",1
2968,"Yankton, SD",1
3012,"Yardley, PA",1
1327,"Yazoo, MS",1
1963,"Yeadon, PA",1
849,"Yellow Springs, OH",2
542,"Yonkers, NY",3
2234,"Yorba Linda, CA",1
2178,"York City, PA",1
2734,"York, ME",1
116,"York, PA",7
2201,"York, SC",1
2640,"Yorktown, NY",1
2039,"Yorkville, IL",1
1129,"Youngstown, OH",2
181,"Ypsilanti, MI",6
1840,"Yreka, CA",1
339,"Yucaipa, CA",4
1160,"Yucca Valley, CA",1
910,"Yuma, AZ",2
2159,"Zachary, LA",1
3142,"Zagreb, Croatia",1
909,"Zanesville, OH",2
2217,"Zephyrhills, FL",1
